player,position,team,opponent,PGID,sslR,passesDefended,SEYR,slsa,tackles,forcedFumbles,sacks,slbl,tacklesForLoss,interceptions,sgmp,fumbleRecoveries,defensiveTouchdowns,fumbleReturnYards,interceptionYards
Donte Rivas,LOLB,Iowa State,Toledo,2685,0,0,0,0,6,1,0,0,1,1,1,0,0,0,0
Maurice Campbell,SS,Iowa State,Toledo,2705,0,0,0,0,1,0,0,0,0,0,1,0,0,0,0
Larry Woodard,ROLB,Iowa State,Toledo,2700,15,0,0,0,6,0,0,0,0,1,1,0,1,0,15
Seth Jones,SS,Toledo,at Iowa State,6697,0,1,0,0,1,0,0,0,0,0,1,0,0,0,0
William McCauley,DT,Toledo,at Iowa State,6657,0,0,0,0,1,0,0,0,0,0,1,0,0,0,0
Zach Jackson,MLB,Toledo,at Iowa State,6679,0,0,0,0,6,0,0,0,0,0,1,1,0,1,0
Ken Robinson,CB,Iowa State,Toledo,2667,0,0,0,0,3,0,0,0,0,0,1,0,0,0,0
Kyler Dixon,CB,Iowa State,Toledo,2663,0,1,0,0,1,0,0,0,0,0,1,1,0,0,0
Rob Bradley,MLB,Iowa State,Toledo,2689,0,2,0,0,4,0,0,0,0,0,1,0,0,0,0
Lonnie Greene,CB,Toledo,at Iowa State,6653,0,0,0,0,1,0,0,0,0,0,1,0,0,0,0
Cole Paschal,RE,Toledo,at Iowa State,6686,0,0,0,0,5,0,1,0,2,0,1,0,0,0,0
Henry Reddick,ROLB,Toledo,at Iowa State,6692,0,0,0,0,7,0,0,0,1,0,1,0,0,0,0
Reynaldo Mobley,SS,Iowa State,Toledo,2704,0,0,0,0,1,0,0,0,0,0,1,0,0,0,0
Jared Jacobs,MLB,Iowa State,Toledo,2690,0,0,0,0,4,0,0,0,1,0,1,1,1,57,0
Quinton McPhee,LE,Iowa State,Toledo,2681,0,2,0,0,2,0,0,0,0,0,1,0,0,0,0
Lance Jackson,DT,Iowa State,Toledo,2668,0,0,0,0,5,0,1,0,4,0,1,0,0,0,0
Michael Dyches,LE,Toledo,at Iowa State,6668,0,2,0,0,5,0,0,0,0,0,1,0,0,0,0
Tyler Smith,WR,Iowa State,Toledo,2714,0,1,0,0,0,0,0,0,0,0,1,0,0,0,0
Steven Mack,LE,Iowa State,Toledo,2682,0,1,0,0,2,1,1,0,2,0,1,0,0,0,0
Steve Clark,FS,Iowa State,Toledo,2675,0,0,0,0,1,0,0,0,0,0,1,0,0,0,0
Craig Conant,FS,Toledo,at Iowa State,6661,0,2,0,0,5,1,0,0,0,0,1,0,0,0,0
Nick Spence,CB,Iowa State,Toledo,2665,0,0,0,0,2,1,0,0,0,0,1,0,0,0,0
Greg Mason,RE,Toledo,at Iowa State,6687,0,0,0,0,1,0,0,0,0,0,1,0,0,0,0
Brandon Newman,ROLB,Iowa State,Toledo,2701,0,2,0,0,1,0,0,0,0,0,1,0,0,0,0
Peter Woods,CB,Toledo,at Iowa State,6654,0,1,0,0,3,0,0,0,0,0,1,0,0,0,0
Jon Bush,LOLB,Toledo,at Iowa State,6674,0,0,0,0,4,0,1,0,2,0,1,0,0,0,0
Ross Miller,CB,Toledo,at Iowa State,6652,0,0,0,0,2,0,0,0,0,0,1,0,0,0,0
David Gibson,LOLB,Iowa State,Toledo,2686,0,1,0,0,1,0,0,0,0,0,1,0,0,0,0
Brad Nakfoor,RE,Iowa State,Toledo,2695,0,0,0,0,1,0,0,0,0,0,1,0,0,0,0
Ryan Miller,LE,Toledo,at Iowa State,6669,0,0,0,0,2,0,0,0,0,0,1,0,0,0,0
Tommy Jefferson,CB,Iowa State,Toledo,2666,0,0,0,0,1,0,0,0,0,0,1,0,0,0,0
Robert Andrews,DT,Iowa State,Toledo,2672,0,0,0,0,1,0,0,0,0,0,1,0,0,0,0
Derrick Williams,MLB,Toledo,at Iowa State,6678,0,0,0,0,1,0,0,0,0,0,1,0,0,0,0
Jerome Graham,SS,Toledo,at Iowa State,6698,0,0,0,0,1,0,0,0,0,0,1,0,0,0,0
Terry Smith,LOLB,Toledo,at Iowa State,6675,0,0,0,0,1,0,0,0,0,0,1,0,0,0,0
Eddie Nakfoor,CB,Connecticut,Rhode Island,7003,0,1,0,0,3,0,0,0,0,0,1,0,0,0,0
Stephen Rooney,LOLB,Connecticut,Rhode Island,7025,0,2,0,0,4,1,0,0,0,0,1,0,0,0,0
Ryan Dixon,ROLB,Connecticut,Rhode Island,7042,0,0,0,0,6,0,0,0,0,0,1,0,0,0,0
Matt Johnson,SS,Connecticut,Rhode Island,7046,0,0,0,0,3,1,0,0,0,1,1,0,0,0,509
Bobby Leffew,RE,Connecticut,Rhode Island,7037,0,1,0,0,2,0,1,0,2,0,1,0,0,0,0
Darnell Lee,CB,Connecticut,Rhode Island,7004,0,0,0,0,2,0,0,0,0,1,1,1,0,0,509
William Sanders,FS,Connecticut,Rhode Island,7014,0,0,0,0,1,0,0,0,0,0,1,0,0,0,0
Scott Johnson,DT,Connecticut,Rhode Island,7008,0,0,0,0,3,0,0,0,0,0,1,0,0,0,0
Alonzo Long,MLB,Connecticut,Rhode Island,7030,0,0,0,0,1,0,0,0,0,0,1,0,0,0,0
Jason Hall,LE,Connecticut,Rhode Island,7021,0,0,0,0,4,0,2,0,4,0,1,0,0,0,0
Allan Westerman,LOLB,Connecticut,Rhode Island,7026,0,0,0,0,4,1,0,0,1,0,1,0,0,0,0
Erik Mason,CB,Connecticut,Rhode Island,7002,0,0,0,0,1,0,0,0,0,0,1,0,0,0,0
Jovon Carlton,MLB,Connecticut,Rhode Island,7031,0,0,0,0,1,0,0,0,0,0,1,0,0,0,0
Corey Jackson,SS,Connecticut,Rhode Island,7047,26,0,0,0,1,0,0,0,0,1,1,0,1,0,26
Gary Patterson,ROLB,Connecticut,Rhode Island,7043,0,0,0,0,2,0,0,0,0,0,1,0,0,0,0
Cameron Smith,FS,Connecticut,Rhode Island,7015,5,0,0,0,1,0,0,0,0,1,1,1,1,12,5
Ryan Swoopes,DT,Connecticut,Rhode Island,7011,0,0,0,0,1,0,0,0,0,0,1,0,0,0,0
Brian Edwards,LOLB,Tulsa,Stephen F. Austin,6812,64,0,0,0,3,0,0,0,0,3,1,0,2,0,92
Vince Lloyd,DT,Tulsa,Stephen F. Austin,6797,0,1,0,0,0,0,0,0,0,0,1,0,0,0,0
Stephen Hill,CB,Tulsa,Stephen F. Austin,6793,0,0,0,0,3,0,0,0,0,0,1,0,0,0,0
Chad Rix,MLB,Tulsa,Stephen F. Austin,6816,0,0,0,0,7,0,1,0,2,0,1,0,0,0,0
Corey Bell,CB,Tulsa,Stephen F. Austin,6794,0,1,0,0,2,1,0,0,0,0,1,0,0,0,0
George Huff,RE,Tulsa,Stephen F. Austin,6822,0,0,0,0,4,0,1,0,2,0,1,0,0,0,0
Adam Morroco,FS,Tulsa,Stephen F. Austin,6801,0,0,0,0,1,0,0,0,0,0,1,1,0,0,0
Bernard Scales,DT,Tulsa,Stephen F. Austin,6798,0,0,0,0,2,0,1,0,2,0,1,0,0,0,0
Ray Dennis,LE,Tulsa,Stephen F. Austin,6807,0,0,0,0,4,0,0,0,1,0,1,0,0,0,0
Omar Lawrence,ROLB,Tulsa,Stephen F. Austin,6826,0,1,0,0,1,1,0,0,0,0,1,0,0,0,0
Andrew Williams,SS,Tulsa,Stephen F. Austin,6831,0,1,0,0,1,0,0,0,0,0,1,0,0,0,0
Jermaine Murphy,LE,Tulsa,Stephen F. Austin,6808,0,1,0,0,1,0,0,0,0,0,1,0,0,0,0
John Spencer,SS,Tulsa,Stephen F. Austin,6832,0,0,0,0,0,0,0,0,0,0,1,1,0,7,0
Bob Hicks,ROLB,Tulsa,Stephen F. Austin,6827,0,0,0,0,1,0,0,0,0,0,1,0,0,0,0
Mike Harvey,LOLB,Tulsa,Stephen F. Austin,6813,0,0,0,0,1,0,0,0,0,0,1,0,0,0,0
Dan Jackson,LOLB,San Diego State,UTEP,5697,0,0,0,0,6,0,0,0,0,0,1,0,0,0,0
John Evans,ROLB,San Diego State,UTEP,5714,0,0,0,0,4,0,0,0,1,0,1,0,0,0,0
Demetrius Corbett,SS,San Diego State,UTEP,5718,0,1,0,0,3,0,0,0,0,0,1,0,0,0,0
William Singleton,CB,San Diego State,UTEP,5674,0,1,0,0,2,0,0,0,0,0,1,0,0,0,0
Eric Brown,DT,San Diego State,UTEP,5677,0,0,0,0,4,0,0,0,1,0,1,0,0,0,0
Brandon Wheeler,MLB,San Diego State,UTEP,5702,0,0,0,0,9,0,0,0,0,0,1,0,0,0,0
Eric Horner,CB,UTEP,at San Diego State,7352,0,0,0,0,2,0,0,0,0,0,1,1,0,0,0
Mike Sullivan,CB,UTEP,at San Diego State,7353,14,0,0,0,2,0,0,0,0,1,1,0,1,0,14
Ryan Lawrence,FS,UTEP,at San Diego State,7362,0,0,0,0,1,0,0,0,0,0,1,0,0,0,0
Adam Davis,RE,UTEP,at San Diego State,7384,0,1,0,0,2,0,0,0,0,0,1,0,0,0,0
Roosevelt Carty,MLB,UTEP,at San Diego State,7377,0,1,0,0,1,0,0,0,1,0,1,0,0,0,0
Brett Fleming,RE,San Diego State,UTEP,5708,0,0,0,0,4,0,0,0,0,0,1,0,0,0,0
Spencer Thompson,FS,San Diego State,UTEP,5684,0,0,0,0,3,0,0,0,0,0,1,0,0,0,0
Joel Atkins,SS,San Diego State,UTEP,5717,0,1,0,0,3,0,0,0,0,0,1,0,0,0,0
Darrell Jones,CB,San Diego State,UTEP,5672,0,0,0,0,2,0,0,0,0,0,1,0,0,0,0
Trey Harris,DT,San Diego State,UTEP,5680,0,0,0,0,5,0,0,0,2,0,1,0,0,0,0
Jason Jackson,LE,San Diego State,UTEP,5691,0,0,0,0,4,0,0,0,0,0,1,0,0,0,0
Adam Thomas,LOLB,UTEP,at San Diego State,7372,0,0,0,0,1,1,0,0,0,0,1,0,0,0,0
Zach Morris,CB,San Diego State,UTEP,5673,0,0,0,0,3,0,0,0,0,0,1,0,0,0,0
Jovon Sims,SS,UTEP,at San Diego State,7393,5,0,0,0,0,0,0,0,0,1,1,0,0,0,5
Bryan Walker,MLB,San Diego State,UTEP,5700,0,0,0,0,4,0,1,0,2,0,1,0,0,0,0
Greg Ratliff,DT,UTEP,at San Diego State,7358,0,1,0,0,0,0,0,0,0,0,1,0,0,0,0
Jesse King,LE,UTEP,at San Diego State,7368,0,2,0,0,1,0,0,0,0,0,1,0,0,0,0
Nick Brantley,DT,UTEP,at San Diego State,7357,0,0,0,0,3,0,1,0,2,0,1,0,0,0,0
Chris Butler,DT,San Diego State,UTEP,5678,0,0,0,0,2,0,0,0,0,0,1,0,0,0,0
Leon Poole,SS,UTEP,at San Diego State,7392,0,0,0,0,1,0,0,0,0,0,1,0,0,0,0
Brett Smith,ROLB,UTEP,at San Diego State,7388,41,0,0,0,3,0,0,0,1,1,1,0,1,0,41
Peter Horner,FS,San Diego State,UTEP,5683,0,0,0,0,1,0,0,0,0,0,1,0,0,0,0
Lance Pittman,RE,San Diego State,UTEP,5709,0,0,0,0,2,0,0,0,0,0,1,0,0,0,0
Brian Turner,ROLB,San Diego State,UTEP,5713,0,0,0,0,3,1,1,0,2,0,1,0,0,0,0
Bo Stith,RE,UTEP,at San Diego State,7385,0,0,0,0,2,0,0,0,1,0,1,0,0,0,0
Mitch Holloway,DT,UTEP,at San Diego State,7360,0,0,0,0,1,0,0,0,0,0,1,0,0,0,0
Michael Jones,FS,UTEP,at San Diego State,7363,0,0,0,0,1,0,0,0,0,0,1,0,0,0,0
Matt Bain,LE,UTEP,at San Diego State,7369,0,0,0,0,1,0,0,0,0,0,1,1,0,0,0
Jeremy Williams,MLB,UTEP,at San Diego State,7378,0,0,0,0,1,0,0,0,0,0,1,0,0,0,0
Jeremy Wallace,DT,UTEP,at San Diego State,7359,0,0,0,0,1,0,0,0,0,0,1,0,0,0,0
Andy Poole,CB,UTEP,at San Diego State,7354,0,0,0,0,1,0,0,0,0,0,1,0,0,0,0
Alex Herron,ROLB,New Mexico State,Southeastern,4310,0,0,0,0,5,1,0,0,0,0,1,1,0,4,0
Jason Rossner,FS,New Mexico State,Southeastern,4283,0,3,0,0,7,0,1,0,3,0,1,0,0,0,0
Chris Holley,RE,New Mexico State,Southeastern,4306,0,0,0,0,5,0,1,0,2,0,1,0,0,0,0
Fred Cobbs,SS,New Mexico State,Southeastern,4314,0,1,0,0,4,0,0,0,2,0,1,0,0,0,0
Cornelius Arnold,CB,New Mexico State,Southeastern,4275,0,0,0,0,4,0,0,0,0,0,1,0,0,0,0
Frank Carter,DT,New Mexico State,Southeastern,4278,26,1,0,0,3,0,1,0,2,1,1,0,0,0,26
Will Novak,LOLB,New Mexico State,Southeastern,4295,0,1,0,0,4,0,0,0,0,0,1,0,0,0,0
Todd Tanner,CB,New Mexico State,Southeastern,4276,0,0,0,0,2,0,0,0,0,0,1,0,0,0,0
Dustin Austin,MLB,New Mexico State,Southeastern,4299,0,0,0,0,3,0,0,0,0,0,1,0,0,0,0
Michael Dunlap,CB,New Mexico State,Southeastern,4273,0,1,0,0,3,0,0,0,0,0,1,0,0,0,0
Nick Newsome,LOLB,New Mexico State,Southeastern,4296,0,1,0,0,0,0,0,0,0,1,1,0,0,0,510
Brett Jones,LE,New Mexico State,Southeastern,4290,0,1,0,0,2,0,1,0,2,0,1,0,0,0,0
Russell Smith,DT,New Mexico State,Southeastern,4279,0,0,0,0,4,0,0,0,0,0,1,0,0,0,0
Josh Gibbons,LE,New Mexico State,Southeastern,4291,0,0,0,0,2,1,0,0,0,0,1,0,0,0,0
Justin Young,RE,New Mexico State,Southeastern,4307,0,0,0,0,1,0,0,0,0,0,1,0,0,0,0
Jason Brown,ROLB,New Mexico State,Southeastern,4311,0,0,0,0,1,0,0,0,0,0,1,0,0,0,0
Maurice Brown,FS,Mississippi State,South Carolina,3868,0,1,0,0,4,0,0,0,1,0,1,0,0,0,0
Dominique Stephens,CB,Mississippi State,South Carolina,3852,0,0,0,0,1,0,0,0,0,0,1,0,0,0,0
Jermaine Minocchi,RE,South Carolina,at Mississippi State,5920,0,0,0,0,1,0,0,0,0,0,1,0,0,0,0
Scott Goins,ROLB,South Carolina,at Mississippi State,5926,0,0,0,0,12,0,1,0,4,0,1,0,0,0,0
Ron Barnes,DT,South Carolina,at Mississippi State,5887,0,0,0,0,3,0,0,0,0,0,1,0,0,0,0
Patrick Lowery,MLB,South Carolina,at Mississippi State,5913,7,0,0,0,7,0,1,0,3,1,1,0,0,0,7
Jason Singleton,FS,South Carolina,at Mississippi State,5894,0,1,0,0,3,0,0,0,0,0,1,0,0,0,0
Tim Graniello,LE,South Carolina,at Mississippi State,5903,0,0,0,0,6,0,1,0,2,0,1,0,0,0,0
Matt Reynolds,RE,Mississippi State,South Carolina,3891,0,0,0,0,1,0,0,0,0,0,1,0,0,0,0
Brandon Meeks,LOLB,Mississippi State,South Carolina,3878,0,2,0,0,3,1,0,0,0,0,1,0,0,0,0
Derek Mann,RE,South Carolina,at Mississippi State,5918,0,0,0,0,5,0,0,0,0,0,1,0,0,0,0
D.J. Bell,CB,South Carolina,at Mississippi State,5883,0,2,0,0,6,1,0,0,0,0,1,0,0,0,0
Melvin Cameron,SS,South Carolina,at Mississippi State,5931,0,1,0,0,4,0,0,0,1,1,1,0,0,0,510
Derek Reid,SS,Mississippi State,South Carolina,3899,0,0,0,0,3,0,0,0,0,0,1,0,0,0,0
Jonathan Haynes,DT,Mississippi State,South Carolina,3865,0,0,0,0,4,0,0,0,0,0,1,0,0,0,0
Bryan Brooks,LE,Mississippi State,South Carolina,3874,0,1,0,0,2,0,0,0,0,0,1,1,0,0,0
Kyle Bryant,ROLB,Mississippi State,South Carolina,3894,0,1,0,0,7,0,0,0,1,0,1,0,0,0,0
Shaun Barber,MLB,Mississippi State,South Carolina,3883,0,1,0,0,4,0,0,0,0,0,1,0,0,0,0
Brett Dudley,CB,South Carolina,at Mississippi State,5882,0,2,0,0,0,0,0,0,0,0,1,0,0,0,0
Ryan Walton,LOLB,South Carolina,at Mississippi State,5907,0,2,0,0,5,0,0,0,2,0,1,0,0,0,0
Luis Fletcher,CB,Mississippi State,South Carolina,3857,0,0,0,0,1,0,0,0,0,0,1,0,0,0,0
Brad Smith,LE,Mississippi State,South Carolina,3875,0,0,0,0,0,0,0,0,0,0,1,1,0,4,0
Donald McGrady,CB,Mississippi State,South Carolina,3858,0,1,0,0,2,0,0,0,0,0,1,0,0,0,0
Steven Bell,DT,Mississippi State,South Carolina,3859,0,0,0,0,2,0,0,0,0,0,1,0,0,0,0
Brian Pittman,MLB,Mississippi State,South Carolina,3884,0,0,0,0,1,0,0,0,0,0,1,0,0,0,0
Tyler Bryant,DT,Mississippi State,South Carolina,3862,0,0,0,0,4,0,0,0,0,0,1,0,0,0,0
Andre Marquardt,DT,South Carolina,at Mississippi State,5886,0,0,0,0,2,0,0,0,1,0,1,0,0,0,0
Bernard Williams,CB,FIU,at Mid Tenn State,16103,10,0,0,0,2,0,0,0,0,1,1,0,0,0,10
Jimmie Mosley,SS,Mid Tenn State,FIU,3761,0,0,0,0,2,0,0,0,0,0,1,0,0,0,0
Steve Barclay,SS,Mid Tenn State,FIU,3760,0,0,0,0,4,0,0,0,0,0,1,0,0,0,0
Cedric Cook,CB,Mid Tenn State,FIU,3712,0,2,0,0,0,0,0,0,0,0,1,0,0,0,0
Dominique Payne,LOLB,Mid Tenn State,FIU,3740,0,0,0,0,5,0,0,0,0,0,1,0,0,0,0
Darryl Pierce,DT,FIU,at Mid Tenn State,16108,0,1,0,0,7,0,2,0,5,0,1,0,0,0,0
Ikaika Utley,ROLB,FIU,at Mid Tenn State,16141,0,1,0,0,4,0,0,0,0,0,1,0,0,0,0
Jared Manning,CB,Mid Tenn State,FIU,3715,24,1,0,0,1,0,0,0,0,1,1,0,0,0,24
Casey Brown,LOLB,FIU,at Mid Tenn State,16126,0,2,0,0,7,0,0,0,1,0,1,0,0,0,0
Alan Marquardt,LE,FIU,at Mid Tenn State,16121,0,0,0,0,4,0,1,0,2,0,1,0,0,0,0
Michael Ryan,CB,Mid Tenn State,FIU,3713,0,1,0,0,0,0,0,0,0,0,1,0,0,0,0
Elton James,DT,Mid Tenn State,FIU,3719,0,1,0,0,3,0,0,0,0,0,1,0,0,0,0
Johnny Lopez,DT,Mid Tenn State,FIU,3717,0,0,0,0,2,0,0,0,0,0,1,0,0,0,0
Ryan Young,RE,FIU,at Mid Tenn State,16137,0,0,0,0,6,0,0,0,0,0,1,0,0,0,0
Kevin Morales,MLB,FIU,at Mid Tenn State,16131,0,1,0,0,8,0,1,0,2,0,1,0,0,0,0
Brian Smith,RE,Mid Tenn State,FIU,3750,0,0,0,0,7,1,1,0,2,0,1,0,0,0,0
Edmond Robertson,DT,FIU,at Mid Tenn State,16107,0,0,0,0,3,1,0,0,0,0,1,0,0,0,0
Drew Stanley,MLB,Mid Tenn State,FIU,3744,0,0,0,0,1,0,0,0,0,0,1,0,0,0,0
Jesse Coleman,ROLB,Mid Tenn State,FIU,3755,0,1,0,0,5,0,0,0,0,0,1,0,0,0,0
Brad Walker,FS,Mid Tenn State,FIU,3724,0,0,0,0,2,0,0,0,0,0,1,0,0,0,0
Roderick Coleman,LE,Mid Tenn State,FIU,3735,0,0,0,0,6,0,0,0,0,0,1,0,0,0,0
Matt Goff,CB,FIU,at Mid Tenn State,16102,0,1,0,0,1,0,0,0,0,0,1,0,0,0,0
Phillip Sims,CB,FIU,at Mid Tenn State,16104,0,0,0,0,1,0,0,0,0,0,1,0,0,0,0
Jorge Roberts,SS,FIU,at Mid Tenn State,16146,0,0,0,0,2,0,0,0,0,0,1,0,0,0,0
Doug Thomas,FS,FIU,at Mid Tenn State,16115,0,1,0,0,1,0,0,0,0,0,1,0,0,0,0
Calvin Taylor,LOLB,FIU,at Mid Tenn State,16127,0,1,0,0,2,0,1,0,2,0,1,0,0,0,0
John Beato,RE,FIU,at Mid Tenn State,16138,0,0,0,0,1,0,0,0,1,0,1,0,0,0,0
Eric Ruffin,MLB,Mid Tenn State,FIU,3745,0,1,0,0,0,0,0,0,0,0,1,0,0,0,0
Brian Gordon,ROLB,Northwestern,at Miami University,4735,0,0,0,0,1,0,0,0,0,0,1,0,0,0,0
Bryan Morton,SS,Northwestern,at Miami University,4740,0,0,0,0,3,0,0,0,1,0,1,0,0,0,0
Kyle Williams,SS,Northwestern,at Miami University,4739,0,2,0,0,3,0,0,0,0,0,1,0,0,0,0
Tate Smith,ROLB,Northwestern,at Miami University,4734,0,1,0,0,5,0,0,0,0,0,1,0,0,0,0
Rashaun Heard,FS,Miami University,Northwestern,3514,0,0,0,0,7,0,1,0,2,0,1,0,0,0,0
Steve Watts,DT,Miami University,Northwestern,3508,0,0,0,0,4,0,0,0,0,0,1,0,0,0,0
Justin Garner,LOLB,Northwestern,at Miami University,4717,0,1,0,0,5,0,0,0,1,0,1,0,0,0,0
Shaun Clarke,CB,Northwestern,at Miami University,4694,0,4,0,0,3,0,0,0,0,0,1,0,0,0,0
Trent Fogle,MLB,Northwestern,at Miami University,4722,0,0,0,0,1,0,0,0,0,0,1,0,0,0,0
Will Davidson,RE,Northwestern,at Miami University,4731,0,0,0,0,1,0,0,0,0,0,1,0,0,0,0
Casey Spencer,DT,Northwestern,at Miami University,4698,0,0,0,0,3,0,0,0,0,0,1,0,0,0,0
Jamar Myers,DT,Northwestern,at Miami University,4699,0,0,0,0,3,0,0,0,0,0,1,0,0,0,0
Spencer Sanders,ROLB,Miami University,Northwestern,3548,0,0,0,0,1,0,0,0,0,0,1,0,0,0,0
Antonio Hurd,ROLB,Miami University,Northwestern,3547,0,1,0,0,5,0,0,0,1,0,1,0,0,0,0
Chad Ellis,DT,Northwestern,at Miami University,4701,0,0,0,0,1,0,0,0,0,0,1,0,0,0,0
Ricky Smith,MLB,Northwestern,at Miami University,4723,0,2,0,0,1,0,0,0,0,0,1,0,0,0,0
Michael Love,CB,Northwestern,at Miami University,4693,0,0,0,0,5,0,1,0,2,0,1,0,0,0,0
Micah West,CB,Miami University,Northwestern,3503,0,0,0,0,2,0,0,0,0,0,1,0,0,0,0
Anthony Smith,MLB,Miami University,Northwestern,3533,0,0,0,0,7,0,2,0,4,0,1,0,0,0,0
Bryan Bowers,DT,Miami University,Northwestern,3510,0,1,0,0,6,0,1,0,4,0,1,0,0,0,0
Paul Berry,FS,Northwestern,at Miami University,4705,0,2,0,0,1,0,0,0,0,0,1,0,0,0,0
Dennis Lumpkin,CB,Miami University,Northwestern,3507,0,1,0,0,2,0,0,0,0,0,1,0,0,0,0
Brett Reynolds,SS,Miami University,Northwestern,3551,0,0,0,0,4,0,0,0,1,0,1,0,0,0,0
Sean Miller,LOLB,Miami University,Northwestern,3528,0,0,0,0,2,0,0,0,0,0,1,0,0,0,0
Sean Bell,CB,Miami University,Northwestern,3504,30,1,0,0,1,0,0,0,0,1,1,0,1,0,30
Vincent Robinson,RE,Miami University,Northwestern,3541,0,0,0,0,7,0,2,0,4,0,1,0,0,0,0
Bret Larson,RE,Northwestern,at Miami University,4730,0,0,0,0,2,0,0,0,0,0,1,0,0,0,0
Timothy Harris,LE,Miami University,Northwestern,3524,0,0,0,0,1,0,0,0,0,0,1,0,0,0,0
Nick Crum,LOLB,Miami University,Northwestern,3527,0,0,0,0,1,0,0,0,0,0,1,0,0,0,0
Mike Phillips,LE,Northwestern,at Miami University,4712,0,0,0,0,3,0,0,0,0,0,1,0,0,0,0
David Davis,SS,Miami University,Northwestern,3552,0,0,0,0,1,0,0,0,0,0,1,0,0,0,0
Mike Ostrander,SS,Minnesota,at Kent State,3834,0,1,0,0,0,0,0,0,0,0,1,0,0,0,0
Kenny Jones,SS,Kent State,Minnesota,2916,0,0,0,0,6,0,0,0,0,0,1,1,0,0,0
Erik Guidry,ROLB,Kent State,Minnesota,2912,0,0,0,0,4,0,0,0,0,0,1,0,0,0,0
Tyjuan Fry,MLB,Kent State,Minnesota,2902,0,0,0,0,7,0,1,0,2,0,1,1,0,0,0
McKinley Burrell,LOLB,Kent State,Minnesota,2898,0,0,0,0,3,0,0,0,0,0,1,0,0,0,0
Larry Davis,CB,Minnesota,at Kent State,3782,0,1,0,0,5,0,0,0,1,1,1,0,0,0,511
Jaron Godfrey,ROLB,Minnesota,at Kent State,3826,0,1,0,0,3,0,0,0,0,0,1,0,0,0,0
Kenny Selmon,FS,Minnesota,at Kent State,3796,0,3,0,0,1,0,0,0,0,0,1,0,0,0,0
David Parker,LOLB,Minnesota,at Kent State,3808,0,2,0,0,10,1,1,0,3,0,1,0,0,0,0
Ben Lovelady,RE,Minnesota,at Kent State,3821,0,1,0,0,2,0,1,0,2,0,1,0,0,0,0
Adam Beach,CB,Kent State,Minnesota,2875,0,2,0,0,3,0,0,0,0,0,1,0,0,0,0
Harvey Sears,FS,Kent State,Minnesota,2887,0,1,0,0,5,0,0,0,1,0,1,0,0,0,0
E.J. Jordan,CB,Kent State,Minnesota,2873,0,1,0,0,7,0,0,0,0,0,1,0,0,0,0
Matt Hollis,DT,Kent State,Minnesota,2880,0,0,0,0,5,0,0,0,1,0,1,0,0,0,0
Courtney Williams,LE,Minnesota,at Kent State,3803,0,1,0,0,6,0,2,0,5,0,1,0,0,0,0
Josh Cochran,MLB,Minnesota,at Kent State,3814,0,3,0,0,4,0,0,0,2,0,1,0,0,0,0
Tom Green,SS,Minnesota,at Kent State,3833,0,1,0,0,2,0,0,0,0,0,1,0,0,0,0
Nathan Scott,LE,Kent State,Minnesota,2894,0,0,0,0,1,0,0,0,0,0,1,0,0,0,0
Jonathan Stephens,RE,Kent State,Minnesota,2908,0,0,0,0,4,1,0,0,1,0,1,0,0,0,0
Zach Anthony,RE,Minnesota,at Kent State,3822,0,0,0,0,1,0,0,0,0,0,1,0,0,0,0
William Miles,DT,Kent State,Minnesota,2879,0,0,0,0,3,0,0,0,0,0,1,0,0,0,0
Jeremy Wilson,CB,Minnesota,at Kent State,3784,0,0,0,0,1,0,0,0,0,0,1,1,0,0,0
Clint Merritt,CB,Minnesota,at Kent State,3783,0,0,0,0,1,0,0,0,0,0,1,0,0,0,0
Bryan Nolen,LE,Kent State,Minnesota,2892,0,0,0,0,2,0,0,0,1,0,1,0,0,0,0
Michael Fox,SS,Kent State,Minnesota,2917,0,0,0,0,1,0,0,0,0,0,1,0,0,0,0
Chris Allen,MLB,Minnesota,at Kent State,3815,0,1,0,0,0,0,0,0,0,0,1,0,0,0,0
Matthew Jones,FS,Minnesota,at Kent State,3793,0,0,0,0,1,0,0,0,1,0,1,0,0,0,0
Ernest May,LOLB,Kent State,Minnesota,2899,0,1,0,0,1,0,0,0,1,0,1,0,0,0,0
Marcel Callahan,DT,Minnesota,at Kent State,3788,0,0,0,0,1,0,0,0,0,0,1,0,0,0,0
Mike Smith,ROLB,Central Michigan,Boston College,1373,0,0,0,0,9,0,0,0,1,0,1,0,0,0,0
Ross Clayton,FS,Central Michigan,Boston College,1344,0,1,0,0,2,0,0,0,0,0,1,0,0,0,0
Sean McGuire,MLB,Central Michigan,Boston College,1361,0,0,0,0,5,0,0,0,0,0,1,0,0,0,0
Eric Wiser,RE,Central Michigan,Boston College,1367,0,0,0,0,1,0,0,0,0,0,1,0,0,0,0
Jason Davis,CB,Central Michigan,Boston College,1334,0,0,0,0,1,0,0,0,0,0,1,0,0,0,0
Chris Tyree,LOLB,Central Michigan,Boston College,1356,0,1,0,0,2,0,0,0,0,0,1,0,0,0,0
Terrence Morales,DT,Central Michigan,Boston College,1338,0,0,0,0,7,0,1,0,2,0,1,0,0,0,0
Wesley Green,LE,Central Michigan,Boston College,1352,0,0,0,0,5,0,0,0,1,0,1,0,0,0,0
Eddie Dickerson,CB,Boston College,at Central Michigan,916,0,1,0,0,2,0,0,0,0,0,1,0,0,0,0
Brock Matthews,RE,Boston College,at Central Michigan,949,0,0,0,0,4,0,0,0,0,0,1,0,0,0,0
Roderick Wallace,DT,Boston College,at Central Michigan,922,0,0,0,0,2,0,0,0,0,0,1,0,0,0,0
Kevin Washington,ROLB,Boston College,at Central Michigan,953,0,1,0,0,8,0,0,0,3,0,1,0,0,0,0
Jimmy Bolden,CB,Central Michigan,Boston College,1335,0,0,0,0,5,0,0,0,0,0,1,0,0,0,0
J.R. Allen,DT,Central Michigan,Boston College,1340,0,1,0,0,1,0,0,0,1,0,1,0,0,0,0
Nick Fernandez,FS,Boston College,at Central Michigan,925,0,1,0,0,3,0,0,0,0,0,1,0,0,0,0
D.J. Brown,LE,Boston College,at Central Michigan,931,0,1,0,0,3,0,1,0,2,0,1,0,0,0,0
Robert Johnson,SS,Boston College,at Central Michigan,957,0,0,0,0,5,0,0,0,1,1,1,0,0,0,510
Calvin Graham,MLB,Boston College,at Central Michigan,940,0,0,0,0,4,0,0,0,2,0,1,0,0,0,0
Ronald Sampson,LOLB,Central Michigan,Boston College,1357,0,0,0,0,2,0,0,0,0,0,1,0,0,0,0
Jeremy Ruud,DT,Central Michigan,Boston College,1339,0,0,0,0,2,0,0,0,0,0,1,0,0,0,0
Chris Brashers,SS,Boston College,at Central Michigan,958,0,0,0,0,1,0,0,0,0,0,1,0,0,0,0
Jon Baker,LOLB,Boston College,at Central Michigan,935,0,0,0,0,1,0,0,0,0,0,1,0,0,0,0
Ryan Davis,MLB,Central Michigan,Boston College,1360,0,1,0,0,2,0,0,0,0,0,1,0,0,0,0
Spencer Tidwell,LOLB,Boston College,at Central Michigan,937,0,1,0,0,2,0,0,0,1,0,1,0,0,0,0
Aaron Cribbs,DT,Boston College,at Central Michigan,920,0,0,0,0,2,0,0,0,0,0,1,0,0,0,0
Leon Smith,CB,Boston College,at Central Michigan,914,0,0,0,0,1,0,0,0,1,0,1,0,0,0,0
Bob Harris,ROLB,Central Michigan,Boston College,1372,0,0,0,0,1,0,0,0,0,0,1,0,0,0,0
Ryan Miller,DT,Boston College,at Central Michigan,921,0,0,0,0,4,0,1,0,2,0,1,0,0,0,0
Kevin Melton,LE,Buffalo,Temple,1072,0,0,0,0,6,0,1,0,2,0,1,0,0,0,0
Craig Rodriguez,SS,Buffalo,Temple,1096,26,0,0,0,4,1,0,0,1,1,1,0,0,0,26
Brandon Patrick,FS,Buffalo,Temple,1064,0,0,0,0,2,0,0,0,0,0,1,0,0,0,0
James Medlock,ROLB,Buffalo,Temple,1092,3,0,0,0,5,0,1,0,3,1,1,0,0,0,3
Seth Walker,RE,Temple,at Buffalo,6339,0,2,0,0,3,0,1,0,2,0,1,0,0,0,0
Brent Henderson,DT,Temple,at Buffalo,6310,0,0,0,0,2,0,0,0,0,0,1,0,0,0,0
Art Fine,CB,Temple,at Buffalo,6303,0,1,0,0,3,0,0,0,1,1,1,0,0,0,0
Robert Johnson,DT,Buffalo,Temple,1057,0,0,0,0,4,0,1,0,2,0,1,0,0,0,0
Josh Murphy,SS,Temple,at Buffalo,6347,0,0,0,0,2,0,0,0,0,0,1,0,0,0,0
Justin Jones,ROLB,Temple,at Buffalo,6343,0,0,0,0,4,0,0,0,0,0,1,0,0,0,0
Marcus Wilson,CB,Temple,at Buffalo,6304,0,0,0,0,1,0,0,0,0,0,1,0,0,0,0
Blake Jordan,SS,Temple,at Buffalo,6349,0,0,0,0,3,0,0,0,1,0,1,0,0,0,0
Damion Johnson,DT,Temple,at Buffalo,6309,0,1,0,0,5,0,0,0,0,0,1,1,0,6,0
LaShawn Fitzpatrick,CB,Temple,at Buffalo,6302,0,1,0,0,7,0,0,0,0,0,1,0,0,0,0
Demetrius Manning,LE,Temple,at Buffalo,6322,0,0,0,0,6,0,0,0,1,0,1,0,0,0,0
Quinton Andrews,FS,Buffalo,Temple,1065,0,0,0,0,4,0,0,0,0,0,1,0,0,0,0
Chad Chase,LOLB,Buffalo,Temple,1077,0,1,0,0,0,0,0,0,0,0,1,0,0,0,0
Allen Scott,LOLB,Buffalo,Temple,1076,0,1,0,0,4,0,0,0,1,0,1,0,0,0,0
Jesse White,LOLB,Temple,at Buffalo,6326,22,2,0,0,11,0,0,0,0,1,1,0,1,0,22
Chaz Johnson,CB,Buffalo,Temple,1053,0,0,0,0,1,0,0,0,0,0,1,1,0,5,0
Kyle Williams,DT,Temple,at Buffalo,6308,0,0,0,0,4,1,1,0,3,0,1,0,0,0,0
Johnny Smith,FS,Temple,at Buffalo,6314,0,1,0,0,1,0,0,0,0,0,1,0,0,0,0
Nate Holiday,FS,Temple,at Buffalo,6313,0,0,0,0,2,0,0,0,0,0,1,0,0,0,0
Frank Scott,ROLB,Buffalo,Temple,1093,17,0,0,0,1,0,0,0,0,1,1,0,1,0,17
Anthony Richard,CB,Buffalo,Temple,1052,0,1,0,0,0,0,0,0,0,1,1,0,0,0,510
Rudy Horton,SS,Buffalo,Temple,1097,0,0,0,0,2,0,0,0,0,0,1,0,0,0,0
Mark Porter,RE,Buffalo,Temple,1088,0,1,0,0,1,0,0,0,0,0,1,0,0,0,0
Charles Lake,CB,Buffalo,Temple,1054,0,0,0,0,1,0,0,0,0,0,1,0,0,0,0
Derrick Wilson,CB,Eastern Michigan,at Ball State,1825,0,0,0,0,1,0,0,0,0,0,1,0,0,0,0
Brian Smith,FS,Eastern Michigan,at Ball State,1834,0,0,0,0,2,0,0,0,0,0,1,0,0,0,0
Jason Parker,RE,Ball State,Eastern Michigan,742,0,0,0,0,2,0,0,0,0,0,1,0,0,0,0
Matt Anderson,SS,Ball State,Eastern Michigan,752,0,1,0,0,1,0,0,0,0,0,1,0,0,0,0
Devin Matthews,MLB,Ball State,Eastern Michigan,736,0,1,0,0,6,0,0,0,0,0,1,0,0,0,0
A.J. Coleman,DT,Ball State,Eastern Michigan,707,0,0,0,0,5,0,1,0,2,0,1,0,0,0,0
Marco Williams,MLB,Eastern Michigan,at Ball State,1850,0,1,0,0,6,0,0,0,0,0,1,0,0,0,0
Willie Glover,CB,Eastern Michigan,at Ball State,1826,0,0,0,0,2,0,0,0,0,0,1,0,0,0,0
Jordan Jean,DT,Eastern Michigan,at Ball State,1828,0,0,0,0,6,0,0,0,0,0,1,0,0,0,0
Robbie Vogelpohl,DT,Eastern Michigan,at Ball State,1829,0,1,0,0,3,0,0,0,0,0,1,0,0,0,0
Carlos Mangiero,SS,Eastern Michigan,at Ball State,1866,0,0,0,0,1,0,0,0,0,0,1,0,0,0,0
Jason Satele,ROLB,Eastern Michigan,at Ball State,1862,0,0,0,0,1,0,0,0,0,0,1,0,0,0,0
Greg Wade,LOLB,Eastern Michigan,at Ball State,1845,8,1,0,0,6,0,0,0,0,1,1,0,1,0,8
B.J. Lemon,LE,Eastern Michigan,at Ball State,1841,0,0,0,0,2,0,0,0,1,0,1,0,0,0,0
Stan Vaughn,LOLB,Ball State,Eastern Michigan,730,0,2,0,0,8,0,0,0,0,0,1,0,0,0,0
Matt Cooper,FS,Ball State,Eastern Michigan,717,0,0,0,0,1,0,0,0,0,0,1,0,0,0,0
Paul Clay,ROLB,Ball State,Eastern Michigan,748,0,2,0,0,3,0,0,0,0,0,1,0,0,0,0
Marshall Tate,SS,Eastern Michigan,at Ball State,1867,0,1,0,0,3,0,0,0,0,0,1,0,0,0,0
Nate Evans,CB,Eastern Michigan,at Ball State,1824,0,0,0,0,1,0,0,0,0,0,1,0,0,0,0
Rick Wood,ROLB,Eastern Michigan,at Ball State,1861,4,1,0,0,8,0,0,0,3,1,1,0,0,0,4
Corey Sledge,CB,Ball State,Eastern Michigan,706,33,1,0,0,1,0,0,0,0,1,1,0,1,0,33
Jacques Faaeteete,CB,Ball State,Eastern Michigan,702,0,0,0,0,2,0,0,0,0,0,1,0,0,0,0
Richard Williams,DT,Ball State,Eastern Michigan,708,0,0,0,0,2,0,0,0,0,0,1,0,0,0,0
Jarrett Austin,LE,Ball State,Eastern Michigan,724,0,0,0,0,3,0,0,0,0,0,1,0,0,0,0
David Newman,RE,Eastern Michigan,at Ball State,1857,0,0,0,0,4,0,0,0,1,0,1,0,0,0,0
Kevin Love,CB,Ball State,Eastern Michigan,703,0,1,0,0,0,0,0,0,0,0,1,0,0,0,0
Damien Williams,FS,Ball State,Eastern Michigan,716,6,0,0,0,1,0,0,0,0,1,1,0,0,0,6
Ryan Winston,SS,Ball State,Eastern Michigan,753,0,0,0,0,1,0,0,0,0,0,1,0,0,0,0
Jonathan Murray,LOLB,Eastern Michigan,at Ball State,1847,0,0,0,0,1,0,0,0,0,0,1,0,0,0,0
Javan Kidd,MLB,Eastern Michigan,at Ball State,1851,0,0,0,0,1,0,0,0,0,0,1,0,0,0,0
Dylan Hamilton,LOLB,Arizona State,Northern Arizona,381,0,1,0,0,6,1,0,0,2,0,1,0,0,0,0
Pierre Booker,MLB,Arizona State,Northern Arizona,385,0,0,0,0,4,0,0,0,1,0,1,0,0,0,0
Nate Odom,RE,Arizona State,Northern Arizona,393,0,1,0,0,1,0,0,0,0,0,1,0,0,0,0
Michael Carter,FS,Arizona State,Northern Arizona,369,0,0,0,0,2,0,0,0,0,0,1,0,0,0,0
Joe Kemp,SS,Arizona State,Northern Arizona,403,0,0,0,0,2,1,0,0,0,0,1,0,0,0,0
Bryan Ferguson,CB,Arizona State,Northern Arizona,352,0,0,0,0,0,0,0,0,0,0,1,1,0,8,0
Vince Evans,LE,Arizona State,Northern Arizona,375,0,0,0,0,1,0,0,0,0,0,1,0,0,0,0
Donovan Parker,CB,Arizona State,Northern Arizona,354,0,0,0,0,2,0,0,0,0,0,1,0,0,0,0
John McDonald,ROLB,Arizona State,Northern Arizona,398,67,0,0,0,3,0,0,0,0,1,1,0,1,0,67
Elton Wright,DT,Arizona State,Northern Arizona,358,0,0,0,0,2,0,0,0,0,0,1,0,0,0,0
Charles Morris,RE,Arizona State,Northern Arizona,392,0,1,0,0,1,0,0,0,0,0,1,0,0,0,0
Mike Sherman,FS,Arizona State,Northern Arizona,367,24,0,0,0,1,0,0,0,0,1,1,0,1,0,24
John Hood,DT,Arizona State,Northern Arizona,360,0,0,0,0,2,0,0,0,1,0,1,0,0,0,0
Bruce Royal,CB,Arizona State,Northern Arizona,355,25,0,0,0,0,0,0,0,0,1,1,0,0,0,25
Carl Carter,MLB,Arizona State,Northern Arizona,387,0,0,0,0,2,0,0,0,1,0,1,0,0,0,0
Brian Rhodes,ROLB,Arizona State,Northern Arizona,399,0,0,0,0,4,1,1,0,3,0,1,0,0,0,0
Manuel Wright,LOLB,Arizona State,Northern Arizona,382,0,0,0,0,2,0,1,0,2,0,1,0,0,0,0
Vincent Wilcox,DT,Arizona State,Northern Arizona,362,0,0,0,0,3,0,0,0,3,0,1,0,0,0,0
Brent Gray,CB,Nevada,at Fresno State,4133,0,0,0,0,1,0,0,0,0,0,1,0,0,0,0
Tony Russ,CB,Nevada,at Fresno State,4136,0,0,0,0,4,0,0,0,0,0,1,0,0,0,0
Brandon Mangiero,LOLB,Nevada,at Fresno State,4155,0,2,0,0,10,0,0,0,0,0,1,0,0,0,0
Joey Bratton,CB,Fresno State,Nevada,2036,0,0,0,0,1,0,0,0,0,0,1,0,0,0,0
Scott McCarty,DT,Fresno State,Nevada,2039,0,0,0,0,2,1,0,0,0,0,1,0,0,0,0
Frank Jensen,ROLB,Fresno State,Nevada,2075,0,0,0,0,2,0,0,0,1,0,1,0,0,0,0
Danny Wright,CB,Fresno State,Nevada,2037,0,1,0,0,4,0,0,0,0,0,1,0,0,0,0
Blake Brown,CB,Nevada,at Fresno State,4134,0,2,0,0,2,0,0,0,0,0,1,0,0,0,0
Marlon Lee,DT,Fresno State,Nevada,2038,0,1,0,0,1,0,0,0,0,0,1,0,0,0,0
Sean Russell,ROLB,Fresno State,Nevada,2074,0,1,0,0,3,0,0,0,0,0,1,0,0,0,0
Mike McCauley,LE,Fresno State,Nevada,2054,0,1,0,0,3,0,0,0,0,0,1,0,0,0,0
Jevon Todd,MLB,Fresno State,Nevada,2063,0,1,0,0,4,0,0,0,0,0,1,0,0,0,0
John Montgomery,SS,Nevada,at Fresno State,4177,0,0,0,0,6,0,0,0,0,0,1,0,0,0,0
Eric Biggers,RE,Nevada,at Fresno State,4167,0,0,0,0,10,0,0,0,0,0,1,0,0,0,0
Bobby Smith,ROLB,Nevada,at Fresno State,4172,0,0,0,0,5,0,0,0,0,0,1,0,0,0,0
Brad Bowen,SS,Nevada,at Fresno State,4176,0,0,0,0,2,0,0,0,0,0,1,0,0,0,0
Zach Rogers,CB,Fresno State,Nevada,2034,0,1,0,0,3,0,0,0,0,0,1,0,0,0,0
Jake Gore,SS,Fresno State,Nevada,2079,0,0,0,0,1,0,0,0,0,0,1,0,0,0,0
Lance Atkins,FS,Fresno State,Nevada,2046,0,2,0,0,4,0,1,0,3,0,1,0,0,0,0
Sam Cook,LOLB,Fresno State,Nevada,2058,0,1,0,0,4,0,0,0,0,0,1,0,0,0,0
Daniel Watkins,LE,Fresno State,Nevada,2055,0,1,0,0,3,0,1,0,2,0,1,0,0,0,0
Nelson Williams,RE,Fresno State,Nevada,2071,0,0,0,0,4,0,1,0,2,0,1,0,0,0,0
Eric Stanback,LE,Nevada,at Fresno State,4150,0,0,0,0,2,0,0,0,0,0,1,0,0,0,0
Brandon Hawkins,DT,Nevada,at Fresno State,4138,0,0,0,0,4,0,1,0,2,0,1,0,0,0,0
Jeff Fitzhugh,MLB,Fresno State,Nevada,2064,0,0,0,0,2,0,0,0,1,0,1,0,0,0,0
Adam Fitzpatrick,MLB,Nevada,at Fresno State,4161,0,1,0,0,2,0,0,0,0,0,1,0,0,0,0
Alan Wood,FS,Nevada,at Fresno State,4142,0,0,0,0,1,0,0,0,0,0,1,0,0,0,0
Malcom Clark,FS,Nevada,at Fresno State,4141,8,0,0,0,0,0,0,0,0,1,1,0,0,0,8
Jeff Woods,DT,Nevada,at Fresno State,4139,0,0,0,0,1,0,0,0,0,0,1,0,0,0,0
Derrick Pressley,CB,Syracuse,at Wake Forest,6167,24,0,0,0,1,0,0,0,0,1,1,0,0,0,24
Joe Rogers,SS,Syracuse,at Wake Forest,6214,0,0,0,0,2,0,0,0,1,0,1,0,0,0,0
Brian Goins,LE,Syracuse,at Wake Forest,6184,0,0,0,0,4,0,0,0,0,0,1,0,0,0,0
Anthony Hill,DT,Syracuse,at Wake Forest,6171,0,0,0,0,5,1,0,0,0,0,1,0,0,0,0
Kevin Hurst,CB,Syracuse,at Wake Forest,6163,0,0,0,0,3,0,0,0,0,0,1,1,0,10,0
Jay Garcia,FS,Wake Forest,Syracuse,7647,4,0,0,0,2,0,0,0,0,1,1,0,0,0,4
Jesse Grier,ROLB,Wake Forest,Syracuse,7678,0,0,0,0,5,0,0,0,1,0,1,0,0,0,0
Matt Evans,CB,Wake Forest,Syracuse,7635,0,0,0,0,3,0,0,0,0,0,1,0,0,0,0
Sam Hunter,LE,Wake Forest,Syracuse,7654,0,0,0,0,5,0,1,0,3,0,1,0,0,0,0
Jeremy Williams,SS,Wake Forest,Syracuse,7681,0,1,0,0,6,0,0,0,0,0,1,0,0,0,0
Jeremy Cooper,FS,Syracuse,at Wake Forest,6177,0,1,0,0,3,0,0,0,0,0,1,0,0,0,0
Ben Bower,RE,Syracuse,at Wake Forest,6203,0,0,0,0,3,0,0,0,0,0,1,0,0,0,0
Kenny Holt,DT,Syracuse,at Wake Forest,6169,0,1,0,0,5,0,1,0,2,0,1,0,0,0,0
Jim Hartman,ROLB,Syracuse,at Wake Forest,6208,0,2,0,0,8,0,1,0,2,0,1,0,0,0,0
Pedro Williams,MLB,Syracuse,at Wake Forest,6195,0,0,0,0,4,0,0,0,0,0,1,0,0,0,0
Shawn Lee,MLB,Wake Forest,Syracuse,7665,0,0,0,0,4,0,0,0,0,0,1,0,0,0,0
Leroy Johnson,MLB,Wake Forest,Syracuse,7664,5,0,0,0,2,0,0,0,0,1,1,0,0,0,5
Paul Conant,LOLB,Syracuse,at Wake Forest,6190,0,0,0,0,3,1,0,0,0,0,1,0,0,0,0
Lionel Robinson,CB,Wake Forest,Syracuse,7633,0,1,0,0,3,0,0,0,0,0,1,0,0,0,0
Scott Haas,CB,Wake Forest,Syracuse,7637,0,0,0,0,1,0,0,0,0,0,1,0,0,0,0
Corey Jones,SS,Wake Forest,Syracuse,7682,25,0,0,0,1,0,0,0,0,1,1,0,1,0,25
Matt Warren,LOLB,Syracuse,at Wake Forest,6189,0,0,0,0,1,0,0,0,0,0,1,0,0,0,0
Adam Brown,LOLB,Wake Forest,Syracuse,7660,0,0,0,0,4,0,1,0,2,0,1,0,0,0,0
Josh Morris,CB,Syracuse,at Wake Forest,6162,0,1,0,0,2,0,0,0,1,0,1,0,0,0,0
Ryan Hogan,RE,Wake Forest,Syracuse,7672,0,0,0,0,3,0,0,0,0,0,1,0,0,0,0
Albert Moore,RE,Wake Forest,Syracuse,7673,0,0,0,0,1,0,0,0,0,0,1,0,0,0,0
Joe Riley,DT,Wake Forest,Syracuse,7638,0,0,0,0,1,0,0,0,0,0,1,0,0,0,0
Alex Preston,RE,Syracuse,at Wake Forest,6202,0,0,0,0,1,0,0,0,0,0,1,0,0,0,0
Dustin Andrews,DT,Wake Forest,Syracuse,7642,0,0,0,0,1,0,0,0,0,0,1,0,0,0,0
Tim Glover,FS,Wake Forest,Syracuse,7646,0,0,0,0,1,0,0,0,0,0,1,0,0,0,0
Matt Capps,CB,Baylor,TCU,773,0,0,0,0,6,0,0,0,0,0,1,0,0,0,0
Patrick Simpson,DT,Baylor,TCU,777,0,0,0,0,5,0,0,0,0,0,1,0,0,0,0
Larry Charles,ROLB,Baylor,TCU,810,0,2,0,0,4,0,0,0,0,0,1,1,0,0,0
Maurice Mitchell,LE,Baylor,TCU,792,0,0,0,0,2,0,0,0,0,0,1,0,0,0,0
Brandon Heard,LOLB,Baylor,TCU,796,0,1,0,0,10,0,1,0,3,0,1,0,0,0,0
Joel Henry,DT,Baylor,TCU,779,0,0,0,0,0,0,0,0,0,0,1,1,0,2,0
Shane Carter,RE,TCU,at Baylor,6268,0,0,0,0,4,0,0,0,1,0,1,0,0,0,0
Cory Robinson,FS,TCU,at Baylor,6243,36,0,0,0,2,0,0,0,1,2,1,0,1,0,40
Doug Burton,CB,TCU,at Baylor,6233,0,1,0,0,4,0,0,0,0,0,1,0,0,0,0
Joe Amadi,SS,TCU,at Baylor,6278,0,0,0,0,1,0,0,0,0,0,1,0,0,0,0
Ben Russell,CB,TCU,at Baylor,6234,0,1,0,0,2,0,0,0,0,0,1,0,0,0,0
Willie Banks,ROLB,TCU,at Baylor,6273,0,0,0,0,2,0,0,0,1,1,1,0,0,0,510
Keon Miller,RE,Baylor,TCU,807,0,0,0,0,1,0,0,0,1,0,1,0,0,0,0
Antwaun Ginn,CB,Baylor,TCU,772,0,0,0,0,2,0,0,0,0,0,1,0,0,0,0
Willie Wilkerson,DT,Baylor,TCU,778,0,0,0,0,4,0,0,0,2,0,1,0,0,0,0
Matt Mohn,SS,Baylor,TCU,815,0,1,0,0,3,0,0,0,0,0,1,0,0,0,0
Cory Sowell,LE,Baylor,TCU,791,0,0,0,0,6,0,0,0,0,0,1,0,0,0,0
Don Akindona,RE,Baylor,TCU,806,0,1,0,0,3,0,0,0,1,0,1,0,0,0,0
Charles Bonner,LOLB,TCU,at Baylor,6255,0,0,0,0,8,0,1,0,4,0,1,0,0,0,0
Derrick McCarty,LE,TCU,at Baylor,6251,0,0,0,0,2,0,0,0,0,0,1,0,0,0,0
Scott Hendrix,SS,Baylor,TCU,816,0,0,0,0,2,0,0,0,0,0,1,0,0,0,0
Ryan Mills,FS,Baylor,TCU,784,0,1,0,0,1,0,0,0,0,0,1,0,0,0,0
Chauncey Scales,DT,TCU,at Baylor,6238,0,1,0,0,3,1,1,0,2,0,1,0,0,0,0
Tony Woods,ROLB,TCU,at Baylor,6274,0,0,0,0,3,0,0,0,0,0,1,0,0,0,0
Ryan Byers,ROLB,Baylor,TCU,811,0,0,0,0,1,0,0,0,0,0,1,0,0,0,0
Eric White,CB,TCU,at Baylor,6232,10,0,0,0,1,0,0,0,0,1,1,0,0,0,10
David Holiday,DT,TCU,at Baylor,6240,0,0,0,0,1,0,0,0,0,0,1,0,0,0,0
Adam Perkins,LOLB,TCU,at Baylor,6256,0,1,0,0,1,0,0,0,1,0,1,0,0,0,0
Early Jones,LE,TCU,at Baylor,6250,0,0,0,0,1,0,0,0,1,0,1,0,0,0,0
Michael Fitzpatrick,SS,TCU,at Baylor,6277,0,0,0,0,2,0,0,0,1,0,1,0,0,0,0
Dante McCowan,RE,TCU,at Baylor,6269,0,0,0,0,1,0,0,0,0,0,1,0,0,0,0
John White,DT,TCU,at Baylor,6239,0,0,0,0,2,0,0,0,0,0,1,0,0,0,0
James Nixon,DT,Baylor,TCU,780,0,0,0,0,2,0,0,0,0,0,1,0,0,0,0
Kevin Morroco,DT,Arkansas State,Army,499,0,0,0,0,3,0,0,0,1,0,1,0,0,0,0
Pat White,SS,Arkansas State,Army,540,0,0,0,0,2,0,0,0,0,0,1,0,0,0,0
Stephen Williams,MLB,Arkansas State,Army,522,0,0,0,0,6,0,0,0,1,0,1,0,0,0,0
Rudy Louis,LE,Arkansas State,Army,512,0,1,0,0,0,0,0,0,0,0,1,0,0,0,0
Kris Bradford,CB,Army,at Arkansas State,563,0,0,0,0,4,0,0,0,0,0,1,0,0,0,0
Jon Nakfoor,LE,Army,at Arkansas State,584,0,0,0,0,4,0,0,0,0,0,1,0,0,0,0
Don Douglas,RE,Army,at Arkansas State,602,0,1,0,0,6,0,1,0,2,0,1,0,0,0,0
Aaron Smith,LOLB,Arkansas State,Army,518,0,1,0,0,3,0,0,0,0,0,1,0,0,0,0
Adrian Manson,ROLB,Arkansas State,Army,534,0,1,0,0,2,0,0,0,0,0,1,0,0,0,0
Justin Wade,MLB,Army,at Arkansas State,596,0,0,0,0,1,0,0,0,0,0,1,0,0,0,0
Gavin Simmons,ROLB,Army,at Arkansas State,607,0,1,0,0,10,0,0,0,0,0,1,0,0,0,0
Shannon White,MLB,Army,at Arkansas State,595,0,0,0,0,2,0,0,0,0,0,1,0,0,0,0
Brad Douglas,CB,Arkansas State,Army,494,0,0,0,0,1,0,0,0,0,0,1,0,0,0,0
Drew Elliott,SS,Arkansas State,Army,539,0,1,0,0,7,0,1,0,4,0,1,1,0,0,0
Dylan Jackson,DT,Arkansas State,Army,498,0,0,0,0,2,0,0,0,0,0,1,0,0,0,0
Ray Morris,SS,Army,at Arkansas State,612,0,0,0,0,1,0,0,0,0,0,1,0,0,0,0
Joe Matthews,FS,Arkansas State,Army,505,0,1,0,0,4,0,0,0,0,0,1,0,0,0,0
Tony Singletary,FS,Army,at Arkansas State,576,0,1,0,0,2,0,0,0,0,0,1,0,0,0,0
Nate Lovelady,CB,Army,at Arkansas State,566,0,2,0,0,0,0,0,0,0,0,1,0,0,0,0
Aaron Smith,CB,Army,at Arkansas State,567,0,0,0,0,2,1,0,0,0,0,1,0,0,0,0
Ryan Conant,SS,Army,at Arkansas State,613,0,0,0,0,1,0,0,0,0,0,1,1,0,0,0
James Griffin,LE,Arkansas State,Army,511,0,0,0,0,5,0,0,0,0,0,1,0,0,0,0
Carlos Rodgers,DT,Army,at Arkansas State,572,0,0,0,0,3,0,0,0,1,0,1,0,0,0,0
Harvey Steele,LOLB,Army,at Arkansas State,589,0,0,0,0,7,0,1,0,2,0,1,0,0,0,0
Darren Gordon,DT,Army,at Arkansas State,569,0,1,0,0,1,0,0,0,0,0,1,0,0,0,0
John Harrison,FS,Army,at Arkansas State,577,0,2,0,0,2,0,0,0,0,0,1,0,0,0,0
Matt Ewing,CB,Arkansas State,Army,493,0,0,0,0,4,1,0,0,0,0,1,0,0,0,0
Bryan Singletary,RE,Arkansas State,Army,528,0,0,0,0,1,0,0,0,0,0,1,0,0,0,0
Kyle Cole,DT,Army,at Arkansas State,568,0,0,0,0,2,0,1,0,2,0,1,0,0,0,0
Matt Peterson,CB,Arkansas State,Army,495,0,0,0,0,1,0,0,0,0,0,1,0,0,0,0
David Campbell,CB,West Virginia,Marshall,7845,11,1,0,0,3,0,0,0,0,1,1,0,0,0,11
John Watts,ROLB,West Virginia,Marshall,7882,0,2,0,0,6,0,0,0,1,0,1,0,0,0,0
John Reid,MLB,West Virginia,Marshall,7869,0,1,0,0,8,0,0,0,0,0,1,0,0,0,0
DeMario Porter,CB,Marshall,at West Virginia,3223,0,0,0,0,5,0,0,0,0,0,1,0,0,0,0
Chad Brooks,ROLB,Marshall,at West Virginia,3264,0,2,0,0,5,0,0,0,0,0,1,0,0,0,0
Kyle Robinson,LE,Marshall,at West Virginia,3243,0,1,0,0,3,0,0,0,0,0,1,0,0,0,0
Freddy Beato,LOLB,Marshall,at West Virginia,3246,0,2,0,0,6,0,0,0,0,0,1,0,0,0,0
Martin Marshall,CB,West Virginia,Marshall,7846,0,1,0,0,2,0,0,0,0,0,1,0,0,0,0
Andre Russell,DT,West Virginia,Marshall,7849,0,0,0,0,1,0,0,0,0,0,1,0,0,0,0
Chris Patton,LE,West Virginia,Marshall,7860,0,0,0,0,3,0,0,0,0,0,1,0,0,0,0
Andy Nicholas,MLB,Marshall,at West Virginia,3250,0,1,0,0,5,0,0,0,2,0,1,0,0,0,0
Joey Campbell,SS,Marshall,at West Virginia,3268,24,1,0,0,7,0,0,0,0,1,1,0,0,0,24
Mark Francis,CB,Marshall,at West Virginia,3224,0,1,0,0,0,0,0,0,0,0,1,0,0,0,0
Justin Jones,RE,West Virginia,Marshall,7878,0,0,0,0,2,0,0,0,0,0,1,0,0,0,0
Blake Bray,DT,West Virginia,Marshall,7847,0,1,0,0,2,0,0,0,0,0,1,0,0,0,0
Orlando Walker,LOLB,West Virginia,Marshall,7866,0,2,0,0,3,0,0,0,1,0,1,0,0,0,0
Kevin Brown,FS,West Virginia,Marshall,7851,0,1,0,0,3,0,0,0,1,0,1,0,0,0,0
Albert Hines,CB,West Virginia,Marshall,7844,0,0,0,0,2,0,0,0,0,0,1,0,0,0,0
Fred Bailey,SS,West Virginia,Marshall,7888,23,2,0,0,2,0,0,0,0,1,1,0,1,0,23
Nathan Barrett,FS,Marshall,at West Virginia,3233,0,1,0,0,1,0,0,0,0,0,1,0,0,0,0
Elliott Rice,DT,Marshall,at West Virginia,3231,0,0,0,0,4,0,0,0,0,0,1,0,0,0,0
Tavares Duckett,CB,Marshall,at West Virginia,3225,0,0,0,0,1,0,0,0,0,0,1,0,0,0,0
Jeremy Miller,RE,Marshall,at West Virginia,3259,0,0,0,0,1,0,0,0,0,0,1,0,0,0,0
Freddie Taylor,FS,Marshall,at West Virginia,3234,0,1,0,0,0,0,0,0,0,0,1,0,0,0,0
Richard Huston,SS,West Virginia,Marshall,7889,0,1,0,0,0,0,0,0,0,0,1,0,0,0,0
Jerald Dixon,LE,West Virginia,Marshall,7861,0,1,0,0,0,0,0,0,0,0,1,0,0,0,0
Kevin Reed,MLB,Kansas State,Illinois State,2829,0,0,0,0,7,0,0,0,1,0,1,0,0,0,0
Rich Henry,FS,Kansas State,Illinois State,2814,0,2,0,0,4,0,0,0,0,0,1,0,0,0,0
Blake Heckel,CB,Kansas State,Illinois State,2804,3,1,0,0,4,0,0,0,0,1,1,0,0,0,3
Rian Seals,LE,Kansas State,Illinois State,2822,0,1,0,0,6,0,1,0,2,0,1,1,0,5,0
George Williams,ROLB,Kansas State,Illinois State,2842,0,1,0,0,1,0,0,0,0,0,1,0,0,0,0
Scott White,DT,Kansas State,Illinois State,2810,0,2,0,0,1,0,0,0,0,0,1,0,0,0,0
Michael Britt,RE,Kansas State,Illinois State,2838,31,0,0,0,0,0,0,0,0,1,1,0,0,0,31
Evan Washington,ROLB,Kansas State,Illinois State,2843,0,0,0,0,2,0,0,0,0,0,1,0,0,0,0
Chad Mark,LOLB,Kansas State,Illinois State,2825,7,1,0,0,6,1,1,0,2,1,1,0,0,0,7
Alex Thomas,CB,Kansas State,Illinois State,2803,0,0,0,0,3,0,0,0,0,0,1,0,0,0,0
Chris Albin,CB,Kansas State,Illinois State,2805,0,0,0,0,2,0,0,0,1,0,1,0,0,0,0
Justin Brant,SS,Kansas State,Illinois State,2848,0,0,0,0,1,0,0,0,0,0,1,0,0,0,0
Curtis Van,LOLB,Kansas State,Illinois State,2826,0,0,0,0,2,0,0,0,0,0,1,0,0,0,0
Calvin Cox,DT,Kansas State,Illinois State,2808,0,0,0,0,1,1,0,0,1,0,1,0,0,0,0
Mike Harrell,SS,Kansas State,Illinois State,2847,0,0,0,0,1,0,0,0,0,0,1,0,0,0,0
Eric Stovall,SS,Western Michigan,at Indiana,7958,8,0,0,0,0,0,0,0,0,1,1,0,0,0,8
Jon Smith,LOLB,Indiana,Western Michigan,2546,0,0,0,0,8,0,0,0,1,0,1,0,0,0,0
Mike King,LE,Indiana,Western Michigan,2542,0,1,0,0,5,0,0,0,1,0,1,0,0,0,0
Clint Moore,ROLB,Indiana,Western Michigan,2563,0,2,0,0,5,0,0,0,0,0,1,0,0,0,0
William Williams,MLB,Indiana,Western Michigan,2551,0,0,0,0,6,0,0,0,0,0,1,0,0,0,0
Grady Traina,DT,Indiana,Western Michigan,2530,0,1,0,0,1,0,0,0,0,0,1,0,0,0,0
Isaac Poppinga,CB,Western Michigan,at Indiana,7914,0,1,0,0,3,1,0,0,0,0,1,1,0,0,0
Brandon Hobbs,DT,Western Michigan,at Indiana,7921,0,0,0,0,1,0,0,0,0,0,1,0,0,0,0
Leon Merrick,DT,Western Michigan,at Indiana,7917,0,0,0,0,2,0,0,0,1,0,1,0,0,0,0
Jeremy Stewart,MLB,Western Michigan,at Indiana,7942,0,1,0,0,7,0,0,0,0,0,1,0,0,0,0
Justin Coley,CB,Indiana,Western Michigan,2526,0,1,0,0,5,0,0,0,0,0,1,0,0,0,0
Terry Manning,ROLB,Western Michigan,at Indiana,7955,0,0,0,0,8,1,1,0,3,0,1,0,0,0,0
David Wright,LE,Western Michigan,at Indiana,7933,0,0,0,0,4,0,1,0,3,0,1,0,0,0,0
Mike Clifford,SS,Western Michigan,at Indiana,7959,0,0,0,0,3,0,0,0,0,0,1,0,0,0,0
Maurice Williams,RE,Western Michigan,at Indiana,7949,0,0,0,0,3,0,0,0,0,0,1,0,0,0,0
Daniel Daniels,ROLB,Western Michigan,at Indiana,7954,0,0,0,0,1,0,0,0,1,0,1,1,0,0,0
Kyle Barbour,LOLB,Western Michigan,at Indiana,7937,0,1,0,0,3,0,0,0,1,0,1,0,0,0,0
Rick Pittman,MLB,Western Michigan,at Indiana,7943,0,0,0,0,1,0,0,0,1,0,1,1,0,10,0
Stewart Robinson,CB,Indiana,Western Michigan,2522,0,0,0,0,3,0,0,0,0,0,1,0,0,0,0
Kris Moses,SS,Indiana,Western Michigan,2568,0,0,0,0,2,0,0,0,0,0,1,0,0,0,0
Lance Anderson,RE,Indiana,Western Michigan,2558,0,0,0,0,1,0,0,0,0,0,1,0,0,0,0
Brandon Poole,CB,Indiana,Western Michigan,2525,0,1,0,0,1,0,0,0,0,0,1,0,0,0,0
James Winbush,CB,Western Michigan,at Indiana,7916,0,0,0,0,1,0,0,0,0,0,1,0,0,0,0
Brian Washington,SS,Indiana,Western Michigan,2567,0,1,0,0,1,0,0,0,0,0,1,0,0,0,0
Dallas Carter,DT,Indiana,Western Michigan,2528,0,0,0,0,2,0,0,0,0,0,1,0,0,0,0
Walter Dixson,LOLB,Western Michigan,at Indiana,7939,0,1,0,0,1,0,0,0,0,0,1,0,0,0,0
Donny Clark,CB,Western Michigan,at Indiana,7912,0,0,0,0,2,0,0,0,0,0,1,0,0,0,0
Andy DeLuca,LOLB,Indiana,Western Michigan,2547,0,1,0,0,0,0,0,0,0,0,1,0,0,0,0
Marcus Lee,FS,Indiana,Western Michigan,2532,0,0,0,0,1,0,0,0,0,0,1,0,0,0,0
Aaron Peterson,RE,Western Michigan,at Indiana,7950,0,0,0,0,3,0,1,0,2,0,1,0,0,0,0
Brian Mann,FS,Western Michigan,at Indiana,7923,0,0,0,0,2,0,0,0,0,0,1,0,0,0,0
James Washington,LE,Western Michigan,at Indiana,7931,0,0,0,0,1,0,0,0,0,0,1,0,0,0,0
Damien Porter,CB,Illinois,Eastern Illinois,2452,0,1,0,0,4,0,0,0,0,0,1,0,0,0,0
Derrick Hart,LOLB,Illinois,Eastern Illinois,2476,0,0,0,0,7,0,0,0,0,0,1,0,0,0,0
Howard Roberts,CB,Illinois,Eastern Illinois,2454,0,0,0,0,1,0,0,0,0,0,1,0,0,0,0
Justin Williams,MLB,Illinois,Eastern Illinois,2481,0,0,0,0,6,0,1,0,3,0,1,0,0,0,0
Chris Henry,FS,Illinois,Eastern Illinois,2465,0,3,0,0,3,0,0,0,0,0,1,0,0,0,0
Nick Eugene,CB,Illinois,Eastern Illinois,2453,0,2,0,0,0,0,0,0,0,0,1,0,0,0,0
Prince Caldwell,MLB,Illinois,Eastern Illinois,2480,0,1,0,0,4,0,0,0,1,0,1,0,0,0,0
Randy Williams,DT,Illinois,Eastern Illinois,2457,0,0,0,0,2,0,1,0,2,0,1,0,0,0,0
Doug Hughes,RE,Illinois,Eastern Illinois,2489,0,0,0,0,2,0,0,0,0,0,1,0,0,0,0
Brandon Slaughter,FS,Illinois,Eastern Illinois,2466,0,0,0,0,1,0,0,0,0,0,1,0,0,0,0
Brandon Herron,RE,Illinois,Eastern Illinois,2488,0,0,0,0,1,0,0,0,0,0,1,0,0,0,0
Jarrett Parsons,LE,Illinois,Eastern Illinois,2473,0,1,0,0,3,0,0,0,0,0,1,0,0,0,0
Luke Walker,SS,Illinois,Eastern Illinois,2498,0,0,0,0,1,0,0,0,0,0,1,0,0,0,0
Steven Johnson,ROLB,Illinois,Eastern Illinois,2495,0,1,0,0,2,0,0,0,0,0,1,0,0,0,0
Gerald McKeon,ROLB,Illinois,Eastern Illinois,2493,0,0,0,0,1,0,0,0,0,0,1,0,0,0,0
Vince Parrish,FS,Southern Miss,at Florida,5964,36,0,0,0,2,0,0,0,1,1,1,0,0,0,36
Adam Beverly,CB,Florida,Southern Miss,1896,0,0,0,0,1,0,0,0,0,0,1,0,0,0,0
Donnie Stallings,FS,Florida,Southern Miss,1908,1,1,0,0,2,0,0,0,0,1,1,0,0,0,1
Jonathan Jones,LOLB,Southern Miss,at Florida,5976,0,2,0,0,11,0,1,0,2,0,1,0,0,0,0
Ted Dawson,SS,Southern Miss,at Florida,5999,0,1,0,0,1,0,0,0,0,0,1,0,0,0,0
R.J. Taylor,ROLB,Southern Miss,at Florida,5993,0,0,0,0,8,0,1,0,4,0,1,0,0,0,0
Brad Smith,CB,Florida,Southern Miss,1895,2,0,0,0,5,0,0,0,0,1,1,0,0,0,2
Justin Wheeler,LE,Florida,Southern Miss,1917,0,2,0,0,4,1,2,0,4,0,1,0,0,0,0
William Woods,SS,Southern Miss,at Florida,5998,0,1,0,0,8,0,0,0,0,0,1,0,0,0,0
Henry Moore,CB,Southern Miss,at Florida,5952,0,1,0,0,1,0,0,0,0,0,1,0,0,0,0
Chad Kerr,RE,Southern Miss,at Florida,5988,0,0,0,0,6,1,0,0,2,0,1,0,0,0,0
Bryan Simpson,CB,Florida,Southern Miss,1892,0,0,0,0,3,0,0,0,1,0,1,0,0,0,0
O.J. Ramirez,MLB,Florida,Southern Miss,1925,3,2,0,0,6,0,0,0,1,1,1,0,0,0,3
Tony Hall,LE,Southern Miss,at Florida,5971,0,0,0,0,2,0,0,0,0,0,1,0,0,0,0
Eric Williams,CB,Southern Miss,at Florida,5953,10,0,0,0,2,0,0,0,0,1,1,0,0,0,10
Ralph Huffman,DT,Florida,Southern Miss,1899,0,0,0,0,7,0,1,0,3,0,1,0,0,0,0
Sam Miller,LOLB,Florida,Southern Miss,1920,0,0,0,0,4,0,0,0,2,0,1,0,0,0,0
Allen Berg,DT,Florida,Southern Miss,1900,0,0,0,0,3,0,0,0,0,0,1,0,0,0,0
Louis Ramirez,SS,Florida,Southern Miss,1938,51,0,0,0,1,0,0,0,0,1,1,0,0,0,51
David Harris,ROLB,Florida,Southern Miss,1933,0,2,0,0,4,0,0,0,1,0,1,0,0,0,0
Michael Turner,SS,Florida,Southern Miss,1937,0,2,0,0,1,0,0,0,0,1,1,0,0,0,509
Antwan Thomas,MLB,Southern Miss,at Florida,5982,0,1,0,0,4,0,0,0,1,0,1,1,0,1,0
Marion Whitaker,DT,Southern Miss,at Florida,5957,0,0,0,0,1,1,0,0,0,0,1,0,0,0,0
Pat Church,LE,Southern Miss,at Florida,5972,0,0,0,0,1,0,0,0,0,0,1,0,0,0,0
Dustin Hughes,DT,Southern Miss,at Florida,5958,0,0,0,0,3,0,0,0,0,0,1,0,0,0,0
Scott Lee,RE,Southern Miss,at Florida,5989,0,0,0,0,2,0,0,0,1,0,1,0,0,0,0
Brandon White,CB,Southern Miss,at Florida,5954,0,0,0,0,1,0,0,0,0,0,1,0,0,0,0
Chris Bradley,MLB,Florida,Southern Miss,1924,0,0,0,0,1,0,0,0,1,0,1,0,0,0,0
James Holt,RE,Florida,Southern Miss,1930,0,0,0,0,1,0,0,0,0,0,1,0,0,0,0
Isaac Holland,CB,Duke,Richmond,1684,0,1,0,0,1,0,0,0,0,0,1,0,0,0,0
Aaron Hill,DT,Duke,Richmond,1691,0,1,0,0,2,0,0,0,0,0,1,0,0,0,0
Craig Hill,LOLB,Duke,Richmond,1710,0,2,0,0,4,0,1,0,2,0,1,0,0,0,0
Anthony Schneider,FS,Duke,Richmond,1697,0,0,0,0,2,0,0,0,0,0,1,0,0,0,0
Matt Downing,LE,Duke,Richmond,1704,0,1,0,0,9,0,0,0,0,0,1,0,0,0,0
Jason Mitchell,CB,Duke,Richmond,1687,0,0,0,0,2,0,0,0,0,0,1,1,0,2,0
Marcus Bailey,ROLB,Duke,Richmond,1727,0,1,0,0,1,0,0,0,1,0,1,0,0,0,0
Stephen Denman,DT,Duke,Richmond,1689,0,0,0,0,2,0,0,0,0,0,1,0,0,0,0
Stephen Fountain,MLB,Duke,Richmond,1713,0,0,0,0,2,0,0,0,0,0,1,0,0,0,0
Justin Childress,CB,Duke,Richmond,1683,0,1,0,0,1,0,0,0,0,0,1,0,0,0,0
Chris Crumpler,MLB,Duke,Richmond,1714,0,0,0,0,2,0,0,0,0,0,1,0,0,0,0
DeMario Garrison,RE,Duke,Richmond,1723,0,0,0,0,1,0,0,0,0,0,1,0,0,0,0
Josh Burns,LOLB,Duke,Richmond,1709,0,0,0,0,4,0,1,0,3,0,1,0,0,0,0
Eric Wheeler,SS,Duke,Richmond,1731,0,1,0,0,2,0,0,0,0,0,1,0,0,0,0
Cory Parrish,SS,Duke,Richmond,1732,0,0,0,0,1,0,0,0,0,0,1,0,0,0,0
Wes Bonds,FS,Duke,Richmond,1696,0,0,0,0,0,0,0,0,0,1,1,0,0,0,511
Bernard Wright,LOLB,Colorado,Montana State,1568,0,2,0,0,2,0,0,0,0,0,1,0,0,0,0
Tyler Hudson,LE,Colorado,Montana State,1563,0,1,0,0,0,0,0,0,0,0,1,0,0,0,0
Eddie Miller,CB,Colorado,Montana State,1542,0,0,0,0,1,0,0,0,0,0,1,0,0,0,0
Joey Hollinsworth,ROLB,Colorado,Montana State,1586,0,1,0,0,2,0,1,0,2,0,1,0,0,0,0
Ross Pierre,MLB,Colorado,Montana State,1574,0,0,0,0,3,0,0,0,0,0,1,0,0,0,0
Josh Ryan,MLB,Colorado,Montana State,1573,0,1,0,0,2,0,0,0,0,1,1,0,0,0,509
Ben Garcia,SS,Colorado,Montana State,1555,0,0,0,0,1,0,0,0,0,0,1,0,0,0,0
George Baker,SS,Colorado,Montana State,1592,0,2,0,0,2,0,0,0,0,0,1,0,0,0,0
Scott McIntire,DT,Colorado,Montana State,1548,0,0,0,0,2,0,1,0,2,0,1,0,0,0,0
John Abdullah,CB,Colorado,Montana State,1543,0,1,0,0,2,0,0,0,0,0,1,0,0,0,0
Jon Osborn,CB,Colorado,Montana State,1547,32,0,0,0,2,0,0,0,0,1,1,0,1,0,32
Marques Nugent,RE,Colorado,Montana State,1583,0,0,0,0,1,0,0,0,1,0,1,0,0,0,0
Kenneth McCoy,ROLB,Colorado,Montana State,1587,0,0,0,0,1,0,0,0,0,0,1,0,0,0,0
Brian Burke,LOLB,Colorado,Montana State,1570,0,1,0,0,0,0,0,0,0,0,1,0,0,0,0
Sam Brooks,CB,Colorado,Montana State,1544,40,0,0,0,1,0,0,0,0,1,1,0,0,0,40
Danny Wright,MLB,Colorado,Montana State,1575,0,0,0,0,1,0,0,0,0,0,1,0,0,0,0
Ali White,LE,Colorado,Montana State,1564,0,0,0,0,1,0,0,0,0,0,1,0,0,0,0
Everett Smith,DT,Colorado,Montana State,1550,0,0,0,0,1,0,0,0,1,0,1,0,0,0,0
Dan Larsen,CB,Wisconsin,at Bowling Green,7984,0,0,0,0,1,0,0,0,0,0,1,1,0,6,0
Marquice Carroll,LE,Wisconsin,at Bowling Green,8003,0,0,0,0,2,0,0,0,1,0,1,0,0,0,0
Derek Kerr,RE,Bowling Green,Wisconsin,1017,0,0,0,0,7,0,1,0,2,0,1,0,0,0,0
Brian Washington,ROLB,Bowling Green,Wisconsin,1023,0,0,0,0,8,0,0,0,1,0,1,0,0,0,0
Braylon McNeil,DT,Wisconsin,at Bowling Green,7988,0,0,0,0,3,0,0,0,1,0,1,0,0,0,0
Alex Cox,MLB,Bowling Green,Wisconsin,1010,0,0,0,0,8,0,0,0,0,0,1,0,0,0,0
Drew Collier,CB,Bowling Green,Wisconsin,983,0,0,0,0,5,0,0,0,0,0,1,0,0,0,0
Chris Smith,SS,Wisconsin,at Bowling Green,8030,0,1,0,0,3,0,0,0,0,0,1,0,0,0,0
Mark Morton,FS,Wisconsin,at Bowling Green,7993,0,0,0,0,2,0,0,0,0,0,1,0,0,0,0
Marcus Franklin,LOLB,Wisconsin,at Bowling Green,8009,0,0,0,0,2,0,0,0,0,0,1,0,0,0,0
Scott Dykes,RE,Wisconsin,at Bowling Green,8019,0,0,0,0,1,0,0,0,0,0,1,0,0,0,0
Seth Clayton,MLB,Wisconsin,at Bowling Green,8013,0,0,0,0,1,1,0,0,0,0,1,0,0,0,0
Chris Martinez,LE,Bowling Green,Wisconsin,999,0,0,0,0,2,0,0,0,0,0,1,0,0,0,0
Taylor Horne,FS,Bowling Green,Wisconsin,994,0,1,0,0,3,0,0,0,0,0,1,0,0,0,0
Fred Smith,DT,Bowling Green,Wisconsin,991,0,0,0,0,4,0,0,0,0,0,1,0,0,0,0
Greg Darby,ROLB,Bowling Green,Wisconsin,1024,0,0,0,0,3,0,0,0,0,0,1,0,0,0,0
Andy McFarland,DT,Bowling Green,Wisconsin,990,0,0,0,0,2,0,0,0,0,0,1,0,0,0,0
Antonio Wagner,DT,Bowling Green,Wisconsin,987,0,0,0,0,2,0,0,0,0,0,1,0,0,0,0
Quentin Beach,CB,Wisconsin,at Bowling Green,7983,0,1,0,0,1,0,0,0,0,0,1,0,0,0,0
David Green,DT,Wisconsin,at Bowling Green,7987,0,0,0,0,2,0,0,0,0,0,1,0,0,0,0
Brennan Davis,LOLB,Bowling Green,Wisconsin,1006,0,1,0,0,0,0,0,0,0,0,1,0,0,0,0
Brendan Henderson,MLB,Bowling Green,Wisconsin,1012,0,0,0,0,3,0,0,0,1,0,1,0,0,0,0
Jon Clark,LOLB,Bowling Green,Wisconsin,1004,0,0,0,0,4,0,0,0,0,0,1,0,0,0,0
Trent Mitchell,SS,Wisconsin,at Bowling Green,8031,25,3,0,0,1,0,0,0,0,1,1,0,0,0,25
David Butler,CB,Bowling Green,Wisconsin,984,0,0,0,0,2,0,0,0,0,0,1,0,0,0,0
Brian Miller,SS,Bowling Green,Wisconsin,1029,0,0,0,0,1,0,0,0,0,0,1,0,0,0,0
Travis Collins,SS,Bowling Green,Wisconsin,1030,0,0,0,0,2,0,0,0,0,0,1,0,0,0,0
Greg Brooks,ROLB,Wisconsin,at Bowling Green,8025,0,0,0,0,1,0,0,0,0,0,1,0,0,0,0
Brandon Parham,RE,Wisconsin,at Bowling Green,8020,0,0,0,0,1,0,0,0,0,0,1,0,0,0,0
Phil Butler,ROLB,Wisconsin,at Bowling Green,8026,0,1,0,0,4,0,1,0,3,0,1,0,0,0,0
Josh Morris,CB,Bowling Green,Wisconsin,986,0,0,0,0,1,0,0,0,0,0,1,0,0,0,0
Adam Rhodes,DT,Bowling Green,Wisconsin,988,0,0,0,0,1,0,0,0,0,0,1,0,0,0,0
Courtney Davis,FS,Wisconsin,at Bowling Green,7994,5,0,0,0,0,0,0,0,0,1,1,0,0,0,5
Andrae McGuire,LOLB,Wisconsin,at Bowling Green,8010,0,0,0,0,1,0,0,0,1,0,1,0,0,0,0
Marcus Palmer,CB,UCLA,Utah,6936,10,1,0,0,4,1,0,0,0,1,1,0,0,0,10
Dan Smith,DT,UCLA,Utah,6940,0,0,0,0,5,0,1,0,2,0,1,0,0,0,0
Mike Lee,MLB,Utah,at UCLA,7242,0,0,0,0,7,0,1,0,4,0,1,0,0,0,0
Kyle Baker,DT,Utah,at UCLA,7220,0,1,0,0,8,0,2,0,5,0,1,0,0,0,0
Dedrick Cotton,FS,Utah,at UCLA,7226,2,0,0,0,0,0,0,0,0,1,1,0,0,0,2
R.J. Rix,LE,UCLA,Utah,6955,0,0,0,0,4,0,0,0,0,0,1,0,0,0,0
Nick Morris,MLB,UCLA,Utah,6966,0,0,0,0,4,0,0,0,0,0,1,0,0,0,0
Robert Nicholson,CB,Utah,at UCLA,7216,0,2,0,0,4,0,0,0,0,0,1,0,0,0,0
Curtis Stewart,LOLB,Utah,at UCLA,7239,0,0,0,0,13,0,1,0,3,0,1,0,0,0,0
Nate Crooks,ROLB,Utah,at UCLA,7256,0,0,0,0,11,0,1,0,2,0,1,0,0,0,0
Eddie Starks,ROLB,UCLA,Utah,6980,0,2,0,0,3,0,0,0,0,0,1,0,0,0,0
Brian Maxey,SS,UCLA,Utah,6987,0,1,0,0,1,0,0,0,0,0,1,0,0,0,0
Travis Sullivan,DT,Utah,at UCLA,7219,0,0,0,0,2,0,1,0,2,0,1,0,0,0,0
Orlando Bates,RE,Utah,at UCLA,7251,0,2,0,0,1,0,0,0,0,0,1,0,0,0,0
Brian Horner,LOLB,UCLA,Utah,6961,0,0,0,0,6,0,1,0,2,0,1,1,0,0,0
Chad Jones,SS,Utah,at UCLA,7259,0,1,0,0,3,0,0,0,1,0,1,0,0,0,0
Lewis Whitaker,CB,Utah,at UCLA,7213,0,1,0,0,1,0,0,0,0,0,1,0,0,0,0
Daniel Mitchell,CB,UCLA,Utah,6938,0,1,0,0,3,0,0,0,0,0,1,0,0,0,0
Michael Dodds,FS,UCLA,Utah,6947,0,2,0,0,2,0,0,0,0,0,1,0,0,0,0
Clayton McPhearson,DT,UCLA,Utah,6943,0,0,0,0,10,0,1,0,3,0,1,0,0,0,0
Jon Payne,CB,UCLA,Utah,6937,0,1,0,0,3,0,0,0,0,0,1,0,0,0,0
Blake Allen,LE,Utah,at UCLA,7233,0,0,0,0,1,0,0,0,1,0,1,0,0,0,0
Brian Davis,CB,Utah,at UCLA,7212,0,0,0,0,2,0,0,0,1,0,1,0,0,0,0
Curtis Miller,SS,UCLA,Utah,6986,34,1,0,0,2,0,0,0,0,1,1,0,0,0,34
Brandon Bracken,DT,Utah,at UCLA,7223,0,0,0,0,4,0,0,0,0,0,1,0,0,0,0
D.J. Bailey,ROLB,UCLA,Utah,6981,0,0,0,0,1,0,0,0,0,0,1,0,0,0,0
Brian Madison,LE,UCLA,Utah,6956,1,0,0,0,1,0,0,0,0,1,1,0,0,0,1
Derrick Henry,RE,UCLA,Utah,6975,0,0,0,0,2,0,1,0,2,0,1,0,0,0,0
Mike Brown,FS,Utah,at UCLA,7227,29,1,0,0,0,0,0,0,0,1,1,0,0,0,29
Marques Meyers,MLB,UCLA,Utah,6967,0,1,0,0,0,0,0,0,0,0,1,0,0,0,0
Pierre Frye,FS,Troy,Alabama State,10025,0,1,0,0,5,0,0,0,0,0,1,1,1,27,0
Cam Leonard,CB,Troy,Alabama State,10015,0,1,0,0,3,0,0,0,0,0,1,1,0,0,0
Shawn Branch,LOLB,Troy,Alabama State,10036,0,1,0,0,4,0,0,0,0,0,1,0,0,0,0
Lamar Rogers,SS,Troy,Alabama State,10057,0,0,0,0,1,0,0,0,0,0,1,0,0,0,0
Josh Johnson,LE,Troy,Alabama State,10032,0,1,0,0,2,1,0,0,0,0,1,0,0,0,0
David Williams,RE,Troy,Alabama State,10048,0,0,0,0,2,0,0,0,0,0,1,0,0,0,0
Nick McGee,DT,Troy,Alabama State,10019,0,0,0,0,2,1,0,0,0,0,1,0,0,0,0
Bernard Hardin,SS,Troy,Alabama State,10058,0,0,0,0,3,0,0,0,0,0,1,0,0,0,0
Josh Rackley,RE,Troy,Alabama State,10049,0,1,0,0,1,0,0,0,0,0,1,0,0,0,0
Franklin Sanni,MLB,Troy,Alabama State,10042,0,1,0,0,1,0,0,0,1,0,1,0,0,0,0
Marcus Williams,ROLB,Troy,Alabama State,10054,0,0,0,0,2,0,0,0,0,0,1,0,0,0,0
Brian Nash,CB,Troy,Alabama State,10013,0,0,0,0,1,0,0,0,0,0,1,0,0,0,0
James Welsh,LOLB,Troy,Alabama State,10039,0,0,0,0,4,0,0,0,0,0,1,0,0,0,0
Mark Russell,MLB,Troy,Alabama State,10043,0,0,0,0,2,0,0,0,0,0,1,0,0,0,0
Leon Hamilton,DT,Troy,Alabama State,10018,0,0,0,0,1,0,0,0,0,0,1,0,0,0,0
Greg Davis,LE,Troy,Alabama State,10033,0,0,0,0,1,0,0,0,0,0,1,0,0,0,0
Marcus Crosby,ROLB,Rice,Houston,5574,0,1,0,0,6,0,0,0,0,0,1,0,0,0,0
Todd Blackstock,LE,Rice,Houston,5551,0,0,0,0,2,0,1,0,2,0,1,0,0,0,0
Quentin Collier,MLB,Rice,Houston,5562,0,0,0,0,8,0,1,0,2,0,1,0,0,0,0
David Powell,CB,Houston,at Rice,2313,0,0,0,0,1,0,0,0,0,0,1,0,0,0,0
Patrick Halterman,FS,Houston,at Rice,2321,0,0,0,0,3,0,0,0,0,0,1,0,0,0,0
Clarence Barrow,ROLB,Houston,at Rice,2351,0,0,0,0,6,0,0,0,0,0,1,0,0,0,0
Brandon Walden,LOLB,Houston,at Rice,2334,0,1,0,0,9,0,0,0,0,0,1,0,0,0,0
Justin Washington,CB,Rice,Houston,5536,0,1,0,0,3,0,0,0,0,0,1,0,0,0,0
Evan Powers,DT,Rice,Houston,5537,0,0,0,0,3,0,0,0,0,0,1,0,0,0,0
Bobby Duckett,SS,Rice,Houston,5580,0,0,0,0,1,0,0,0,0,0,1,0,0,0,0
Nick Brown,CB,Rice,Houston,5535,0,0,0,0,2,0,0,0,0,0,1,0,0,0,0
Tyrell White,CB,Rice,Houston,5533,0,0,0,0,1,0,0,0,0,0,1,0,0,0,0
T.J. Hayes,MLB,Houston,at Rice,2338,0,1,0,0,6,0,0,0,1,0,1,0,0,0,0
Roy Roach,RE,Houston,at Rice,2347,0,0,0,0,3,0,0,0,1,0,1,0,0,0,0
Kyle Lupo,SS,Houston,at Rice,2356,0,0,0,0,8,0,0,0,1,0,1,0,0,0,0
Stephen Mitchell,DT,Houston,at Rice,2317,0,0,0,0,3,0,0,0,1,0,1,0,0,0,0
Darryl Hogan,MLB,Houston,at Rice,2339,0,0,0,0,7,0,1,0,2,0,1,0,0,0,0
Kenny Newman,RE,Houston,at Rice,2346,0,0,0,0,3,0,0,0,0,0,1,0,0,0,0
Andy Harris,CB,Houston,at Rice,2316,0,0,0,0,3,0,0,0,0,0,1,0,0,0,0
Josh Craft,MLB,Rice,Houston,5561,0,0,0,0,3,0,0,0,1,0,1,0,0,0,0
Aaron Randle,SS,Rice,Houston,5579,0,0,0,0,1,0,0,0,0,0,1,0,0,0,0
Dedrick Ervin,RE,Rice,Houston,5568,0,1,0,0,0,0,0,0,0,0,1,0,0,0,0
Sam Davis,LE,Houston,at Rice,2329,0,0,0,0,3,0,0,0,0,0,1,0,0,0,0
Ryan Russell,DT,Houston,at Rice,2319,0,0,0,0,1,0,0,0,1,0,1,0,0,0,0
Zach Townsend,CB,Houston,at Rice,2312,0,0,0,0,1,0,0,0,0,0,1,0,0,0,0
Kris Morse,LE,Rice,Houston,5550,0,0,0,0,1,0,0,0,0,0,1,0,0,0,0
Sam Rivera,LOLB,Rice,Houston,5555,0,0,0,0,2,0,0,0,0,0,1,0,0,0,0
Steve Cooper,FS,Virginia,at Pittsburgh,7503,0,0,0,0,1,0,0,0,0,0,1,0,0,0,0
Casey Morris,ROLB,Virginia,at Pittsburgh,7535,0,0,0,0,3,0,0,0,0,0,1,0,0,0,0
Russ Graham,SS,Virginia,at Pittsburgh,7542,3,0,0,0,2,0,0,0,0,1,1,0,0,0,3
Tony Winston,RE,Virginia,at Pittsburgh,7531,0,0,0,0,2,0,0,0,0,0,1,0,0,0,0
Burditt Webb,MLB,Virginia,at Pittsburgh,7521,0,0,0,0,12,0,1,0,2,0,1,1,0,8,0
Cody Lawson,SS,Pittsburgh,Virginia,5442,7,1,0,0,3,0,0,0,0,1,1,0,0,0,7
Anton Smith,RE,Pittsburgh,Virginia,5432,0,0,0,0,4,0,0,0,0,0,1,0,0,0,0
Patrick Berg,CB,Pittsburgh,Virginia,5392,0,0,0,0,1,0,0,0,0,0,1,0,0,0,0
Brian Robinson,FS,Pittsburgh,Virginia,5405,0,2,0,0,0,0,0,0,0,0,1,1,0,0,0
Mark Paschal,MLB,Pittsburgh,Virginia,5426,0,0,0,0,5,0,0,0,0,0,1,0,0,0,0
Ernest Beverly,LOLB,Virginia,at Pittsburgh,7517,0,0,0,0,7,0,0,0,2,0,1,0,0,0,0
Charlie Dixon,SS,Virginia,at Pittsburgh,7541,15,0,0,0,3,0,0,0,0,1,1,0,0,0,15
Ethan Hobbs,CB,Virginia,at Pittsburgh,7492,0,0,0,0,5,1,0,0,0,0,1,0,0,0,0
Jared Copeland,LE,Virginia,at Pittsburgh,7511,0,0,0,0,2,0,1,0,2,0,1,0,0,0,0
Jonathan White,MLB,Virginia,at Pittsburgh,7524,0,0,0,0,5,1,1,0,2,0,1,0,0,0,0
Eric Morris,LOLB,Virginia,at Pittsburgh,7518,0,0,0,0,1,0,0,0,0,0,1,0,0,0,0
Greg Hall,ROLB,Pittsburgh,Virginia,5437,0,1,0,0,3,0,0,0,0,0,1,0,0,0,0
Roshaun Shack,DT,Pittsburgh,Virginia,5401,0,0,0,0,1,0,0,0,0,0,1,0,0,0,0
Otis Ervin,LE,Pittsburgh,Virginia,5415,0,0,0,0,3,1,1,0,2,0,1,0,0,0,0
Daniel Auguste,ROLB,Virginia,at Pittsburgh,7536,0,1,0,0,7,0,0,0,0,0,1,0,0,0,0
Bob Jackson,CB,Pittsburgh,Virginia,5395,0,1,0,0,4,0,0,0,0,0,1,0,0,0,0
James Williams,CB,Virginia,at Pittsburgh,7494,0,0,0,0,1,0,0,0,0,0,1,0,0,0,0
Mario Reese,CB,Virginia,at Pittsburgh,7495,7,1,0,0,2,0,0,0,0,1,1,0,0,0,7
Andrew Greco,LOLB,Pittsburgh,Virginia,5420,0,0,0,0,10,0,2,0,5,0,1,0,0,0,0
Fred Scott,MLB,Pittsburgh,Virginia,5425,0,2,0,0,1,0,0,0,1,0,1,0,0,0,0
Phil Thomas,DT,Pittsburgh,Virginia,5400,0,0,0,0,3,1,0,0,0,0,1,0,0,0,0
Bryce Evans,MLB,Pittsburgh,Virginia,5427,0,0,0,0,1,0,0,0,0,0,1,1,0,0,0
Julian Stephens,CB,Pittsburgh,Virginia,5394,0,0,0,0,1,0,0,0,0,0,1,0,0,0,0
Kevin Wyatt,DT,Virginia,at Pittsburgh,7497,0,0,0,0,3,0,0,0,0,0,1,0,0,0,0
Demetrius Battle,FS,Virginia,at Pittsburgh,7502,0,0,0,0,1,0,0,0,0,0,1,0,0,0,0
Maurice Macklin,SS,Pittsburgh,Virginia,5441,0,0,0,0,1,1,0,0,0,0,1,0,0,0,0
Aaron Fontenot,CB,Akron,at Penn State,145,0,0,0,0,1,0,0,0,0,0,1,0,0,0,0
Bryan Johnson,MLB,Akron,at Penn State,171,0,1,0,0,6,0,0,0,1,0,1,0,0,0,0
Joel Castorani,LE,Akron,at Penn State,161,0,0,0,0,6,0,0,0,0,0,1,1,0,0,0
Paul Daniels,ROLB,Akron,at Penn State,182,0,1,0,0,3,0,0,0,1,0,1,0,0,0,0
Mark Brown,ROLB,Akron,at Penn State,183,0,0,0,0,1,0,0,0,0,0,1,0,0,0,0
Jeremy Coe,LOLB,Akron,at Penn State,166,0,2,0,0,11,1,0,0,1,0,1,0,0,0,0
David Snyder,CB,Penn State,Akron,5324,8,0,0,0,2,0,0,0,0,1,1,0,0,0,8
Mike Jones,LOLB,Penn State,Akron,5347,0,0,0,0,3,0,0,0,1,0,1,0,0,0,0
Isaac Jackson,MLB,Penn State,Akron,5351,0,1,0,0,5,1,1,0,2,0,1,0,0,0,0
Kenny Scott,RE,Penn State,Akron,5361,0,0,0,0,3,0,0,0,1,0,1,0,0,0,0
Brandon Charles,LOLB,Penn State,Akron,5348,0,1,0,0,1,0,0,0,0,0,1,0,0,0,0
Maurice Harris,DT,Penn State,Akron,5332,0,0,0,0,1,0,0,0,0,0,1,0,0,0,0
Brandon Pace,SS,Penn State,Akron,5372,0,0,0,0,1,0,0,0,0,0,1,0,0,0,0
James Hall,SS,Akron,at Penn State,186,0,0,0,0,3,0,0,0,0,0,1,0,0,0,0
Jeremy Thompson,MLB,Akron,at Penn State,173,0,0,0,0,1,0,0,0,0,0,1,0,0,0,0
Jeremy Lester,SS,Akron,at Penn State,187,0,0,0,0,1,0,0,0,0,0,1,0,0,0,0
Dennis Cooper,CB,Akron,at Penn State,146,0,0,0,0,1,0,0,0,0,0,1,0,0,0,0
Chris Cunningham,FS,Penn State,Akron,5337,0,1,0,0,3,0,0,0,0,0,1,0,0,0,0
Cody Thompson,LE,Penn State,Akron,5344,0,0,0,0,1,0,0,0,0,0,1,0,0,0,0
Shaun McDonald,ROLB,Penn State,Akron,5365,0,1,0,0,6,0,1,0,2,0,1,0,0,0,0
Jason Roberts,CB,Akron,at Penn State,142,0,1,0,0,1,0,0,0,0,0,1,0,0,0,0
Sean Sanchez,DT,Penn State,Akron,5329,0,0,0,0,2,0,0,0,0,0,1,0,0,0,0
Matt Brashers,CB,Penn State,Akron,5326,0,1,0,0,3,0,0,0,0,0,1,0,0,0,0
Sean Hawkins,FS,Akron,at Penn State,155,0,0,0,0,1,0,0,0,0,0,1,0,0,0,0
Trey Vincent,DT,Akron,at Penn State,148,0,0,0,0,2,0,1,0,2,0,1,0,0,0,0
Chase Wilson,DT,Akron,at Penn State,147,0,0,0,0,3,0,0,0,0,0,1,0,0,0,0
A.J. Baker,MLB,Penn State,Akron,5352,0,0,0,0,4,0,1,0,2,0,1,0,0,0,0
Sam Freeman,RE,Akron,at Penn State,179,0,0,0,0,1,0,0,0,0,0,1,0,0,0,0
Christian Anderson,RE,Akron,at Penn State,178,0,0,0,0,2,0,0,0,0,0,1,0,0,0,0
Brandon Cantrell,ROLB,Penn State,Akron,5368,0,0,0,0,1,0,0,0,0,0,1,0,0,0,0
Jeremy Castillo,RE,Memphis,at Ole Miss,3391,0,0,0,0,4,1,0,0,1,0,1,0,0,0,0
Bob Payne,ROLB,Memphis,at Ole Miss,3396,0,0,0,0,1,0,0,0,0,0,1,0,0,0,0
Eric Thompson,LE,Memphis,at Ole Miss,3377,7,1,0,0,7,0,2,0,4,1,1,0,0,0,7
Dedrick Lewis,ROLB,Memphis,at Ole Miss,3395,0,0,0,0,11,0,1,0,3,0,1,0,0,0,0
Brad Pryor,CB,Memphis,at Ole Miss,3363,0,2,0,0,1,0,0,0,0,0,1,0,0,0,0
Keith Cavender,FS,Ole Miss,Memphis,5125,0,0,0,0,1,0,0,0,0,0,1,0,0,0,0
John Page,MLB,Ole Miss,Memphis,5142,0,1,0,0,7,0,0,0,0,0,1,0,0,0,0
Eric James,CB,Ole Miss,Memphis,5115,0,2,0,0,1,0,0,0,0,0,1,0,0,0,0
Craig Patterson,CB,Ole Miss,Memphis,5113,0,0,0,0,3,0,0,0,0,0,1,0,0,0,0
Jeff Ward,LOLB,Ole Miss,Memphis,5137,0,0,0,0,8,0,0,0,1,0,1,0,0,0,0
Anthony Tepper,DT,Ole Miss,Memphis,5117,0,0,0,0,4,0,1,0,2,0,1,0,0,0,0
Jeremy Fox,LOLB,Memphis,at Ole Miss,3381,0,0,0,0,7,0,0,0,0,1,1,0,0,0,511
Justin Love,CB,Memphis,at Ole Miss,3364,0,0,0,0,2,0,0,0,0,0,1,0,0,0,0
Tyree Odom,DT,Memphis,at Ole Miss,3366,0,0,0,0,6,0,1,0,2,0,1,0,0,0,0
Tom Butler,CB,Memphis,at Ole Miss,3362,0,1,0,0,2,0,0,0,0,0,1,0,0,0,0
Ricky Washington,RE,Memphis,at Ole Miss,3392,1,0,0,0,1,0,0,0,0,1,1,0,0,0,1
Randy Howard,MLB,Memphis,at Ole Miss,3385,0,1,0,0,4,0,0,0,0,0,1,0,0,0,0
Jon Sanders,ROLB,Ole Miss,Memphis,5154,0,0,0,0,5,0,0,0,1,0,1,0,0,0,0
Zac Perkins,SS,Ole Miss,Memphis,5159,0,2,0,0,7,0,1,0,2,0,1,0,0,0,0
Jay Griffin,LE,Ole Miss,Memphis,5133,0,1,0,0,0,0,0,0,0,0,1,0,0,0,0
Matt Bolen,RE,Ole Miss,Memphis,5150,0,0,0,0,4,0,0,0,0,0,1,0,0,0,0
Steve Pettway,SS,Memphis,at Ole Miss,3400,0,0,0,0,3,0,0,0,0,0,1,0,0,0,0
Brent Williams,FS,Ole Miss,Memphis,5124,0,1,0,0,4,0,1,0,2,0,1,0,0,0,0
Desi Hicks,SS,Ole Miss,Memphis,5160,0,0,0,0,4,0,0,0,0,0,1,0,0,0,0
Derek Crumpler,LE,Memphis,at Ole Miss,3378,0,0,0,0,1,0,0,0,1,0,1,0,0,0,0
Adam Rice,FS,Memphis,at Ole Miss,3370,0,1,0,0,0,0,0,0,0,0,1,0,0,0,0
Charles Brown,DT,Ole Miss,Memphis,5121,0,0,0,0,2,0,0,0,0,0,1,0,0,0,0
Bo Patrick,SS,Memphis,at Ole Miss,3401,0,0,0,0,2,0,0,0,0,0,1,0,0,0,0
Billy Newby,CB,Oklahoma,UAB,5023,0,1,0,0,1,0,0,0,0,0,1,0,0,0,0
William Thornburg,CB,UAB,at Oklahoma,6867,0,0,0,0,2,0,0,0,0,0,1,0,0,0,0
Tom Williams,MLB,UAB,at Oklahoma,6891,0,0,0,0,7,0,0,0,0,0,1,0,0,0,0
Aaron Berg,ROLB,UAB,at Oklahoma,6903,3,0,0,0,10,0,0,0,3,1,1,0,0,0,3
Jared Robertson,RE,UAB,at Oklahoma,6897,0,0,0,0,4,0,0,0,0,0,1,0,0,0,0
Terrence Brown,CB,UAB,at Oklahoma,6865,0,0,0,0,3,0,0,0,0,0,1,0,0,0,0
Ernest Richardson,ROLB,Oklahoma,UAB,5017,0,1,0,0,5,0,0,0,1,1,1,0,0,0,0
Anthony Sullivan,MLB,Oklahoma,UAB,5007,0,0,0,0,4,0,0,0,2,0,1,0,0,0,0
Roy Espinosa,CB,UAB,at Oklahoma,6864,0,0,0,0,3,0,0,0,0,0,1,0,0,0,0
Trenton White,DT,UAB,at Oklahoma,6870,0,0,0,0,6,0,1,0,3,0,1,0,0,0,0
Vincent Young,ROLB,Oklahoma,UAB,5003,0,1,0,0,1,0,0,0,0,0,1,0,0,0,0
Chris Adams,LE,Oklahoma,UAB,4996,0,1,0,0,1,0,0,0,0,0,1,0,0,0,0
Kenneth Smith,LOLB,Oklahoma,UAB,5001,0,1,0,0,3,0,1,0,3,0,1,0,0,0,0
Jake Collins,LOLB,UAB,at Oklahoma,6888,0,1,0,0,1,0,0,0,0,0,1,0,0,0,0
Wayne Ray,RE,Oklahoma,UAB,5014,0,1,0,0,3,0,1,0,2,0,1,0,0,0,0
Chris Bass,DT,Oklahoma,UAB,4979,0,0,0,0,1,0,0,0,0,0,1,0,0,0,0
Anthony Rice,FS,Oklahoma,UAB,4988,0,2,0,0,3,0,0,0,2,0,1,0,0,0,0
Nick Booker,CB,Oklahoma,UAB,4975,0,1,0,0,1,0,0,0,0,0,1,0,0,0,0
Ryan Morris,DT,UAB,at Oklahoma,6871,0,0,0,0,1,0,0,0,0,0,1,0,0,0,0
Mike Anderson,MLB,UAB,at Oklahoma,6892,0,0,0,0,1,0,0,0,0,0,1,0,0,0,0
Marcus Thomas,LOLB,UAB,at Oklahoma,6887,0,1,0,0,5,0,0,0,0,0,1,0,0,0,0
Willie Benson,LOLB,Oklahoma,UAB,5018,0,2,0,0,2,0,0,0,0,0,1,0,0,0,0
Tim Edwards,LE,Oklahoma,UAB,5013,0,0,0,0,5,0,1,0,3,0,1,0,0,0,0
Richard Turner,LE,UAB,at Oklahoma,6882,0,0,0,0,3,0,0,0,0,0,1,0,0,0,0
Will Gallagher,CB,Oklahoma,UAB,4976,7,0,0,0,1,0,0,0,0,1,1,0,0,0,7
Eddie Moore,MLB,Oklahoma,UAB,5008,0,0,0,0,1,0,0,0,0,0,1,0,0,0,0
Clarence Johnson,SS,UAB,at Oklahoma,6907,0,0,0,0,1,0,0,0,0,0,1,0,0,0,0
Jason Graham,SS,Oklahoma,UAB,4987,0,0,0,0,1,0,0,0,0,0,1,0,0,0,0
Jeff Rowe,CB,Oklahoma,UAB,4974,31,1,0,0,0,0,0,0,0,1,1,1,0,0,31
Lamar Culver,ROLB,UAB,at Oklahoma,6901,0,0,0,0,2,0,0,0,0,0,1,0,0,0,0
Andre Ostrander,DT,Oklahoma,UAB,4983,0,1,0,0,0,0,0,0,0,0,1,0,0,0,0
J.J. Jenkins,DT,Oklahoma,UAB,4980,0,0,0,0,2,0,0,0,2,0,1,0,0,0,0
Ryan Love,FS,UAB,at Oklahoma,6874,0,0,0,0,1,1,0,0,0,0,1,1,0,4,0
Kyle Givens,LE,UAB,at Oklahoma,6884,0,0,0,0,1,0,0,0,0,0,1,0,0,0,0
Seth Bowers,FS,UAB,at Oklahoma,6875,0,0,0,0,1,0,0,0,1,0,1,0,0,0,0
Nigel Bell,RE,Oklahoma,UAB,4997,0,0,0,0,1,0,0,0,1,0,1,0,0,0,0
Andre Harrison,FS,Oklahoma,UAB,4986,0,0,0,0,2,0,0,0,0,0,1,0,0,0,0
Billy Hardy,LOLB,Northern Illinois,at Ohio State,4649,0,0,0,0,4,0,0,0,0,0,1,0,0,0,0
Josh Ashley,DT,Northern Illinois,at Ohio State,4628,0,0,0,0,3,0,0,0,1,0,1,0,0,0,0
Jamie Kilpatrick,MLB,Northern Illinois,at Ohio State,4653,0,0,0,0,5,0,0,0,0,0,1,0,0,0,0
Vince Rawls,SS,Northern Illinois,at Ohio State,4671,0,0,0,0,2,0,0,0,0,0,1,1,0,0,0
Daniel Brooks,ROLB,Ohio State,Northern Illinois,4945,0,1,0,0,4,0,0,0,1,0,1,0,0,0,0
Matt Tuiasosopo,MLB,Ohio State,Northern Illinois,4933,0,0,0,0,6,0,0,0,0,0,1,0,0,0,0
Kyle Bennett,DT,Ohio State,Northern Illinois,4908,0,0,0,0,11,1,3,0,8,0,1,0,0,0,0
Marcus Spence,CB,Ohio State,Northern Illinois,4903,0,0,0,0,2,0,0,0,0,0,1,0,0,0,0
Brian Jones,SS,Ohio State,Northern Illinois,4949,0,0,0,0,3,0,0,0,0,0,1,0,0,0,0
Josh Tate,CB,Northern Illinois,at Ohio State,4622,0,1,0,0,4,1,0,0,0,0,1,0,0,0,0
Charlie Crossley,RE,Northern Illinois,at Ohio State,4660,0,0,0,0,4,0,0,0,1,0,1,0,0,0,0
Jovon Key,ROLB,Northern Illinois,at Ohio State,4667,0,0,0,0,9,0,1,0,2,0,1,0,0,0,0
Josh Simmons,ROLB,Northern Illinois,at Ohio State,4666,0,0,0,0,1,0,0,0,0,0,1,0,0,0,0
Cory Hartman,MLB,Ohio State,Northern Illinois,4934,0,0,0,0,1,0,0,0,0,0,1,0,0,0,0
Kris Downing,FS,Ohio State,Northern Illinois,4915,0,0,0,0,2,0,0,0,0,0,1,0,0,0,0
Oliver Smith,CB,Ohio State,Northern Illinois,4902,0,1,0,0,0,0,0,0,0,0,1,0,0,0,0
John Edmonds,MLB,Northern Illinois,at Ohio State,4652,0,0,0,0,1,0,0,0,0,0,1,0,0,0,0
Kelvin Flowers,FS,Northern Illinois,at Ohio State,4634,0,0,0,0,2,0,0,0,0,0,1,0,0,0,0
John Freeman,CB,Northern Illinois,at Ohio State,4623,3,0,0,0,2,0,0,0,0,1,1,0,0,0,3
Marcus Morris,CB,Ohio State,Northern Illinois,4962,38,1,0,0,1,0,0,0,0,1,1,0,1,0,38
Michael Johnson,FS,Ohio State,Northern Illinois,4917,0,0,0,0,3,0,0,0,1,0,1,0,0,0,0
Cam Cook,LOLB,Ohio State,Northern Illinois,4929,0,1,0,0,2,0,0,0,0,0,1,0,0,0,0
Ed Bonds,LE,Northern Illinois,at Ohio State,4643,0,1,0,0,4,0,1,0,2,0,1,0,0,0,0
Jerry Young,LOLB,Northern Illinois,at Ohio State,4647,0,0,0,0,0,0,0,0,0,0,1,1,0,0,0
Justin Collins,LE,Ohio State,Northern Illinois,4925,0,0,0,0,3,0,0,0,1,0,1,0,0,0,0
Marcus Jackson,CB,Northern Illinois,at Ohio State,4625,0,0,0,0,2,0,0,0,0,0,1,0,0,0,0
Harvey Swoopes,DT,Ohio State,Northern Illinois,4907,0,0,0,0,8,0,1,0,3,0,1,0,0,0,0
Chris Sapp,RE,Ohio State,Northern Illinois,4940,0,0,0,0,1,0,0,0,0,0,1,0,0,0,0
Kevin Williams,DT,Northern Illinois,at Ohio State,4630,0,0,0,0,2,0,0,0,0,0,1,0,0,0,0
Chris Givens,ROLB,Ohio State,Northern Illinois,4946,14,0,0,0,0,0,0,0,0,1,1,0,0,0,14
Jay Bratton,CB,New Mexico,Portland State,4202,0,0,0,0,3,2,0,0,0,0,1,0,0,0,0
Mark Dunbar,CB,New Mexico,Portland State,4204,1,0,0,0,5,0,0,0,0,1,1,1,0,0,1
Matt Nicholson,SS,New Mexico,Portland State,4246,68,1,0,0,1,0,0,0,0,2,1,0,2,0,107
Kevin Love,LOLB,New Mexico,Portland State,4224,0,1,0,0,5,0,1,0,2,0,1,0,0,0,0
Patrick Frye,MLB,New Mexico,Portland State,4228,0,1,0,0,2,1,0,0,0,0,1,0,0,0,0
Jerome Ferguson,LE,New Mexico,Portland State,4218,0,0,0,0,6,0,1,0,4,0,1,0,0,0,0
Larry Todd,DT,New Mexico,Portland State,4206,0,1,0,0,3,0,0,0,0,0,1,0,0,0,0
Jon Stephens,MLB,New Mexico,Portland State,4230,0,2,0,0,4,0,0,0,0,0,1,0,0,0,0
Thomas Rivera,ROLB,New Mexico,Portland State,4240,0,1,0,0,9,1,2,0,5,0,1,0,0,0,0
Devin Reddick,LOLB,New Mexico,Portland State,4223,0,0,0,0,4,0,0,0,1,0,1,0,0,0,0
Sam Barrett,ROLB,New Mexico,Portland State,4241,0,0,0,0,2,0,0,0,1,0,1,0,0,0,0
Nolan Beverly,RE,New Mexico,Portland State,4236,0,0,0,0,5,0,0,0,1,0,1,0,0,0,0
A.J. Poe,DT,New Mexico,Portland State,4207,0,0,0,0,3,1,0,0,1,0,1,0,0,0,0
Ike Carter,LE,New Mexico,Portland State,4219,0,0,0,0,3,0,0,0,0,0,1,0,0,0,0
Jose Johnson,SS,New Mexico,Portland State,4248,0,0,0,0,3,0,0,0,0,0,1,0,0,0,0
Demetrius McMillan,FS,New Mexico,Portland State,4212,0,0,0,0,2,0,0,0,0,0,1,0,0,0,0
Jacob London,RE,New Mexico,Portland State,4237,0,0,0,0,1,0,0,0,0,0,1,0,0,0,0
Jason Alford,CB,New Mexico,Portland State,4205,0,0,0,0,1,0,0,0,0,0,1,0,0,0,0
Jonathan Cook,DT,New Mexico,Portland State,4208,0,1,0,0,0,0,0,0,0,0,1,0,0,0,0
Brandon Campbell,FS,New Mexico,Portland State,4211,0,0,0,0,1,0,0,0,0,0,1,0,0,0,0
Chris Bohnet,CB,Vanderbilt,at Michigan,7426,0,0,0,0,4,0,0,0,0,0,1,0,0,0,0
Scott Cameron,CB,Vanderbilt,at Michigan,7425,9,0,0,0,1,0,0,0,0,1,1,0,0,0,9
Ben Hopkins,RE,Michigan,Vanderbilt,3611,0,0,0,0,1,0,0,0,0,0,1,0,0,0,0
Jeff Carr,LOLB,Michigan,Vanderbilt,3596,0,1,0,0,6,0,0,0,1,0,1,0,0,0,0
Maurice Fitzhugh,MLB,Vanderbilt,at Michigan,7448,0,0,0,0,3,0,0,0,1,0,1,0,0,0,0
Donnie Burnette,SS,Vanderbilt,at Michigan,7462,0,0,0,0,2,0,0,0,0,0,1,0,0,0,0
Craig Hayes,DT,Vanderbilt,at Michigan,7427,0,0,0,0,3,0,0,0,0,0,1,0,0,0,0
Brad McCullar,CB,Michigan,Vanderbilt,3574,0,0,0,0,2,0,0,0,0,0,1,0,0,0,0
Michael Swain,SS,Michigan,Vanderbilt,3623,0,1,0,0,3,0,0,0,0,0,1,0,0,0,0
Tim Taylor,DT,Michigan,Vanderbilt,3578,0,0,0,0,2,0,0,0,0,0,1,0,0,0,0
Jerome Harper,LE,Michigan,Vanderbilt,3592,0,0,0,0,5,0,0,0,1,0,1,0,0,0,0
Greg Hansen,MLB,Michigan,Vanderbilt,3604,0,0,0,0,7,0,1,0,4,0,1,0,0,0,0
Chad Maynard,ROLB,Michigan,Vanderbilt,3616,0,0,0,0,11,1,1,0,7,0,1,0,0,0,0
Jamaal Sampson,CB,Vanderbilt,at Michigan,7424,0,1,0,0,2,0,0,0,0,0,1,0,0,0,0
Kyle Parks,RE,Vanderbilt,at Michigan,7453,0,1,0,0,4,0,0,0,1,0,1,0,0,0,0
Chad Sharpe,LE,Vanderbilt,at Michigan,7440,0,0,0,0,3,0,0,0,1,0,1,0,0,0,0
Lawrence Bates,SS,Michigan,Vanderbilt,3622,0,1,0,0,2,0,0,0,0,0,1,1,0,0,0
Lance Berry,LOLB,Michigan,Vanderbilt,3597,0,0,0,0,3,1,1,0,2,0,1,0,0,0,0
Mark Williams,LOLB,Vanderbilt,at Michigan,7445,0,1,0,0,5,0,0,0,0,2,1,0,0,0,509
Adrian Lopez,ROLB,Vanderbilt,at Michigan,7458,0,0,0,0,1,0,0,0,0,0,1,0,0,0,0
Corey Carter,FS,Vanderbilt,at Michigan,7433,0,1,0,0,0,0,0,0,0,0,1,0,0,0,0
Paul Sherman,CB,Michigan,Vanderbilt,3573,0,0,0,0,1,0,0,0,0,1,1,0,0,0,509
George Browne,RE,Michigan,Vanderbilt,3612,0,0,0,0,1,0,0,0,0,0,1,0,0,0,0
Clint Grant,ROLB,Vanderbilt,at Michigan,7459,0,2,0,0,7,0,1,0,2,0,1,0,0,0,0
George Rankin,MLB,Michigan,Vanderbilt,3603,0,0,0,0,1,0,0,0,0,0,1,0,0,0,0
Randy Randall,MLB,Vanderbilt,at Michigan,7449,0,0,0,0,2,0,0,0,0,0,1,0,0,0,0
Talib Jones,DT,Michigan,Vanderbilt,3579,0,0,0,0,4,0,1,0,3,0,1,0,0,0,0
Keith Hopkins,CB,Michigan,Vanderbilt,3572,0,2,0,0,4,0,0,0,1,0,1,0,0,0,0
Nicholas Ross,LOLB,Virginia Tech,Northeastern,7589,0,1,0,0,2,0,0,0,0,0,1,0,0,0,0
Chris Davis,MLB,Virginia Tech,Northeastern,7593,2,0,0,0,6,0,1,0,3,1,1,0,0,0,2
Connor Anderson,RE,Virginia Tech,Northeastern,7603,0,0,0,0,3,0,0,0,0,0,1,0,0,0,0
Randy Scott,CB,Virginia Tech,Northeastern,7562,31,0,0,0,3,0,0,0,0,1,1,0,1,0,31
Joe Reid,SS,Virginia Tech,Northeastern,7614,0,0,0,0,4,0,0,0,0,0,1,0,0,0,0
Doug Holt,LE,Virginia Tech,Northeastern,7584,0,0,0,0,3,0,1,0,2,0,1,0,0,0,0
Phil Burns,MLB,Virginia Tech,Northeastern,7595,0,0,0,0,4,0,0,0,0,0,1,0,0,0,0
Graham Patrick,DT,Virginia Tech,Northeastern,7569,0,0,0,0,2,0,0,0,0,0,1,0,0,0,0
Aaron Manning,FS,Virginia Tech,Northeastern,7578,0,1,0,0,0,0,0,0,0,0,1,0,0,0,0
Gordon Bolen,RE,Virginia Tech,Northeastern,7601,0,0,0,0,1,1,0,0,0,0,1,0,0,0,0
Jeff Williams,ROLB,Virginia Tech,Northeastern,7608,16,0,0,0,2,0,0,0,0,1,1,0,0,0,16
Tom Minor,LOLB,Virginia Tech,Northeastern,7590,0,0,0,0,4,0,1,0,2,0,1,0,0,0,0
Justin Martin,SS,Virginia Tech,Northeastern,7612,0,0,0,0,1,0,0,0,0,0,1,0,0,0,0
Justin Demps,DT,Virginia Tech,Northeastern,7571,0,0,0,0,1,0,0,0,0,0,1,0,0,0,0
Reggie McConnell,CB,Virginia Tech,Northeastern,7565,0,0,0,0,1,0,0,0,0,0,1,0,0,0,0
Brian Lewis,LE,Virginia Tech,Northeastern,7586,0,0,0,0,2,0,0,0,0,0,1,0,0,0,0
Darrius Burnsides,MLB,Virginia Tech,Northeastern,7594,0,0,0,0,1,0,0,0,0,0,1,0,0,0,0
Willie Ryan,LE,UL Monroe,Alcorn State,4572,0,0,0,0,1,0,0,0,1,0,1,0,0,0,0
Robert Brown,SS,UL Monroe,Alcorn State,4597,0,0,0,0,4,0,0,0,0,0,1,0,0,0,0
Warren McDougal,LOLB,UL Monroe,Alcorn State,4575,0,2,0,0,4,0,0,0,0,0,1,0,0,0,0
Cedrick Thomas,MLB,UL Monroe,Alcorn State,4579,0,1,0,0,4,0,0,0,0,0,1,0,0,0,0
Kyle Hawkins,ROLB,UL Monroe,Alcorn State,4590,0,1,0,0,5,0,0,0,0,0,1,0,0,0,0
Kyle Henderson,DT,UL Monroe,Alcorn State,4557,0,0,0,0,4,0,2,0,4,0,1,0,0,0,0
Micah Armstrong,DT,UL Monroe,Alcorn State,4559,0,0,0,0,3,0,0,0,2,0,1,0,0,0,0
Pierre Wells,RE,UL Monroe,Alcorn State,4586,0,0,0,0,4,0,0,0,0,0,1,0,0,0,0
Jeff Brown,CB,UL Monroe,Alcorn State,4554,0,2,0,0,2,0,0,0,0,0,1,0,0,0,0
Joe Carroll,FS,UL Monroe,Alcorn State,4564,0,0,0,0,2,0,0,0,1,0,1,0,0,0,0
Willie McCoy,FS,UL Monroe,Alcorn State,4563,0,0,0,0,1,0,0,0,0,0,1,0,0,0,0
Lee Martin,CB,UL Monroe,Alcorn State,4555,0,1,0,0,2,0,0,0,0,0,1,0,0,0,0
Adam Cole,CB,UL Monroe,Alcorn State,4552,25,0,0,0,0,0,0,0,0,2,1,0,1,0,26
Erick Dixon,CB,UL Monroe,Alcorn State,4553,0,0,0,0,1,0,0,0,0,0,1,0,0,0,0
Carl Jenkins,DT,UL Monroe,Alcorn State,4558,0,0,0,0,1,0,0,0,0,0,1,0,0,0,0
Marcus Odom,SS,UL Monroe,Alcorn State,4596,0,0,0,0,1,0,0,0,0,0,1,0,0,0,0
Deon Harris,LOLB,UL Monroe,Alcorn State,4576,0,0,0,0,1,0,0,0,1,0,1,0,0,0,0
Danny Rosario,ROLB,UCF,Villanova,1302,0,1,0,0,5,0,0,0,0,0,1,0,0,0,0
Keith Spurlock,LOLB,UCF,Villanova,1287,0,0,0,0,5,0,0,0,1,0,1,0,0,0,0
Mike Hampton,RE,UCF,Villanova,1298,0,0,0,0,3,0,0,0,0,0,1,0,0,0,0
Eric Wilson,SS,UCF,Villanova,1305,0,1,0,0,2,0,0,0,0,0,1,0,0,0,0
Dan Stephens,MLB,UCF,Villanova,1290,0,0,0,0,1,0,0,0,0,0,1,0,0,0,0
Jon Ruffin,CB,UCF,Villanova,1262,0,0,0,0,2,1,0,0,0,0,1,0,0,0,0
Jeff Woods,LE,UCF,Villanova,1282,0,0,0,0,1,0,0,0,0,0,1,0,0,0,0
Scott Barrett,SS,UCF,Villanova,1306,0,1,0,0,2,0,1,0,2,0,1,0,0,0,0
Jermaine Leak,DT,UCF,Villanova,1268,0,0,0,0,4,0,1,0,2,0,1,0,0,0,0
Al Wade,DT,UCF,Villanova,1271,0,0,0,0,2,0,1,0,2,0,1,0,0,0,0
Travis Thompson,CB,UCF,Villanova,1265,0,0,0,0,1,0,0,0,0,0,1,1,0,0,0
Chris Diggs,CB,UCF,Villanova,1264,0,2,0,0,1,0,0,0,0,0,1,0,0,0,0
Ryan Samuel,FS,UCF,Villanova,1277,0,0,0,0,1,0,0,0,0,0,1,0,0,0,0
Ronald Kemp,LE,UCF,Villanova,1283,0,0,0,0,1,0,0,0,0,0,1,0,0,0,0
Brad Hartman,LOLB,UCF,Villanova,1286,0,1,0,0,4,0,0,0,0,0,1,0,0,0,0
William Whitfield,ROLB,UCF,Villanova,1301,0,0,0,0,1,0,0,0,0,0,1,0,0,0,0
Jared Temple,RE,UCF,Villanova,1297,0,0,0,0,1,0,0,0,0,0,1,0,0,0,0
John Steltz,FS,UCF,Villanova,1275,0,0,0,0,3,0,0,0,0,0,1,0,0,0,0
Markell Siegel,DT,UCF,Villanova,1270,0,0,0,0,1,0,0,0,0,0,1,0,0,0,0
Peter Everett,CB,Texas Tech,SMU,6587,0,0,0,0,3,0,0,0,0,0,1,0,0,0,0
Garrett Williamson,DT,Texas Tech,SMU,6589,0,1,0,0,0,0,0,0,0,0,1,0,0,0,0
Tony Gordon,CB,Texas Tech,SMU,6584,2,1,0,0,4,0,0,0,0,1,1,0,0,0,2
Eugene Campbell,FS,Texas Tech,SMU,6632,0,1,0,0,3,0,0,0,0,0,1,1,0,6,0
Patrick Rice,DT,Texas Tech,SMU,6590,0,1,0,0,2,0,0,0,0,0,1,0,0,0,0
T.J. Turner,MLB,Texas Tech,SMU,6613,0,0,0,0,2,0,0,0,1,0,1,0,0,0,0
Tyler Freeman,SS,SMU,at Texas Tech,5864,9,1,0,0,5,0,0,0,0,1,1,0,0,0,9
Ryan Wilcox,LOLB,SMU,at Texas Tech,5842,0,4,0,0,6,0,0,0,0,0,1,0,0,0,0
Donnell Smith,MLB,SMU,at Texas Tech,5846,0,1,0,0,8,0,1,0,3,0,1,0,0,0,0
Ken Woods,ROLB,Texas Tech,SMU,6626,0,1,0,0,6,0,1,0,3,0,1,0,0,0,0
Joe Luke,SS,Texas Tech,SMU,6595,16,1,0,0,0,0,0,0,0,2,1,0,0,0,23
Stephen Mills,DT,SMU,at Texas Tech,5822,0,0,0,0,1,0,0,0,0,0,1,0,0,0,0
Isaiah Ward,ROLB,SMU,at Texas Tech,5860,0,0,0,0,1,0,0,0,0,0,1,0,0,0,0
Dan Henry,SS,SMU,at Texas Tech,5865,0,1,0,0,2,0,0,0,0,0,1,0,0,0,0
Mike Brown,DT,SMU,at Texas Tech,5819,0,0,0,0,3,0,1,0,2,0,1,0,0,0,0
Ryan Johnson,RE,SMU,at Texas Tech,5854,0,0,0,0,6,0,1,0,3,0,1,0,0,0,0
Brian Davis,ROLB,Texas Tech,SMU,6627,0,0,0,0,2,0,0,0,0,0,1,0,0,0,0
Rashad Robertson,LE,Texas Tech,SMU,6604,0,0,0,0,5,0,1,0,3,0,1,0,0,0,0
Jason Nichols,DT,SMU,at Texas Tech,5820,0,0,0,0,3,0,0,0,0,0,1,0,0,0,0
Courtney Wilson,ROLB,SMU,at Texas Tech,5859,0,1,0,0,1,0,0,0,0,0,1,0,0,0,0
Devin Mason,DT,Texas Tech,SMU,6591,0,1,0,0,2,0,0,0,1,0,1,0,0,0,0
Frank Jones,CB,SMU,at Texas Tech,5814,31,0,0,0,2,0,0,0,0,1,1,0,1,0,31
Alex Miller,CB,Texas Tech,SMU,6582,0,1,0,0,1,0,0,0,0,0,1,0,0,0,0
Scott Bodiford,CB,SMU,at Texas Tech,5813,0,1,0,0,3,0,0,0,0,0,1,0,0,0,0
Trevor Hawkins,FS,SMU,at Texas Tech,5826,0,1,0,0,3,0,1,0,2,0,1,0,0,0,0
Darius Washington,LE,SMU,at Texas Tech,5836,0,0,0,0,4,0,0,0,0,0,1,0,0,0,0
Steven Thomas,LOLB,Texas Tech,SMU,6610,0,1,0,0,1,0,0,0,0,0,1,0,0,0,0
A.J. Butler,LE,Texas Tech,SMU,6603,0,0,0,0,1,0,0,0,0,0,1,0,0,0,0
Craig Hampton,CB,SMU,at Texas Tech,5816,0,1,0,0,1,0,0,0,0,0,1,0,0,0,0
Jamaal Newberry,CB,Texas A&M,The Citadel,6516,0,1,0,0,3,0,0,0,0,0,1,0,0,0,0
T.J. Brooks,CB,Texas A&M,The Citadel,6513,0,1,0,0,2,0,0,0,0,1,1,0,0,0,0
Martin Jones,DT,Texas A&M,The Citadel,6519,0,0,0,0,5,0,0,0,1,0,1,0,0,0,0
D.J. Henderson,CB,Texas A&M,The Citadel,6514,0,1,0,0,0,0,0,0,0,0,1,0,0,0,0
Champ Curry,LOLB,Texas A&M,The Citadel,6543,0,1,0,0,6,0,0,0,0,0,1,0,0,0,0
Sylvester Harris,ROLB,Texas A&M,The Citadel,6562,52,0,0,0,4,1,0,0,0,1,1,0,0,0,52
Brandon Spence,MLB,Texas A&M,The Citadel,6548,3,0,0,0,5,0,1,0,3,1,1,0,0,0,3
Kevin Downs,RE,Texas A&M,The Citadel,6555,0,0,0,0,1,0,0,0,0,0,1,0,0,0,0
Fred Culberson,LE,Texas A&M,The Citadel,6537,0,1,0,0,8,0,1,0,2,0,1,0,0,0,0
Mark Black,ROLB,Texas A&M,The Citadel,6561,0,1,0,0,2,0,0,0,0,0,1,0,0,0,0
Lamar McKenzie,SS,Texas A&M,The Citadel,6565,0,0,0,0,2,0,0,0,0,0,1,0,0,0,0
Jared Anderson,DT,Texas A&M,The Citadel,6517,0,0,0,0,1,0,0,0,1,0,1,0,0,0,0
Albert Brittain,CB,Texas A&M,The Citadel,6512,0,0,0,0,2,0,0,0,0,0,1,0,0,0,0
Tony Cooley,FS,Texas A&M,The Citadel,6525,0,2,0,0,2,0,0,0,0,0,1,0,0,0,0
Tyson Jefferson,LE,Texas A&M,The Citadel,6538,0,0,0,0,7,0,1,0,3,0,1,0,0,0,0
Josh Robinson,DT,Texas A&M,The Citadel,6521,0,0,0,0,2,0,0,0,0,0,1,0,0,0,0
Brad Roberts,SS,Texas A&M,The Citadel,6566,0,0,0,0,2,0,0,0,0,0,1,0,0,0,0
Brian Shack,MLB,Texas A&M,The Citadel,6549,0,0,0,0,1,0,0,0,0,0,1,0,0,0,0
Tyler Joseph,CB,Texas,North Texas,6443,0,1,0,0,1,0,0,0,0,0,1,0,0,0,0
Vernon Robinson,LOLB,Texas,North Texas,6470,0,1,0,0,4,0,1,0,2,0,1,0,0,0,0
Bryan Parker,ROLB,Texas,North Texas,6490,0,2,0,0,6,0,1,0,3,0,1,0,0,0,0
Ricky Flynn,MLB,Texas,North Texas,6475,0,1,0,0,2,0,0,0,0,0,1,1,0,8,0
Blake Hamilton,MLB,North Texas,at Texas,4512,0,1,0,0,7,0,0,0,0,0,1,0,0,0,0
Chris Larkin,DT,North Texas,at Texas,4490,0,1,0,0,3,0,0,0,0,0,1,0,0,0,0
Vincent Buttles,LOLB,North Texas,at Texas,4505,0,0,0,0,4,0,0,0,1,0,1,0,0,0,0
Kenny Prince,CB,North Texas,at Texas,4487,0,1,0,0,3,0,0,0,0,0,1,0,0,0,0
Bryan Walker,SS,Texas,North Texas,6495,0,0,0,0,5,1,0,0,0,0,1,0,0,0,0
Terrence Wilcher,DT,Texas,North Texas,6450,0,0,0,0,1,0,0,0,1,0,1,0,0,0,0
Chris Bentley,CB,Texas,North Texas,6442,0,0,0,0,5,0,0,0,0,1,1,0,0,0,510
Danny Turner,RE,Texas,North Texas,6486,0,0,0,0,4,0,2,0,4,0,1,0,0,0,0
Donta Hamilton,ROLB,North Texas,at Texas,4523,0,1,0,0,8,1,1,0,2,0,1,0,0,0,0
Dwayne Clarke,CB,North Texas,at Texas,4486,0,0,0,0,1,0,0,0,0,0,1,0,0,0,0
Paul Randall,SS,North Texas,at Texas,4527,0,1,0,0,1,0,0,0,0,0,1,0,0,0,0
Jay Evans,LE,North Texas,at Texas,4501,0,0,0,0,3,0,0,0,0,0,1,0,0,0,0
Brad Jennings,SS,North Texas,at Texas,4528,0,1,0,0,3,0,0,0,0,0,1,0,0,0,0
Chris Kendrick,CB,North Texas,at Texas,4488,0,1,0,0,4,0,0,0,0,0,1,0,0,0,0
Caleb Williams,RE,North Texas,at Texas,4519,0,1,0,0,4,0,0,0,0,0,1,0,0,0,0
Brian Hill,MLB,North Texas,at Texas,4513,0,0,0,0,4,0,0,0,1,0,1,0,0,0,0
Mark Nash,FS,North Texas,at Texas,4496,0,1,0,0,1,0,0,0,0,0,1,0,0,0,0
Joe Vogelpohl,DT,North Texas,at Texas,4489,0,0,0,0,3,1,0,0,2,0,1,0,0,0,0
Darrick Buckley,LOLB,Texas,North Texas,6469,5,0,0,0,1,0,0,0,0,1,1,0,0,0,5
Tyler McNeal,FS,Texas,North Texas,6456,0,1,0,0,0,0,0,0,0,0,1,0,0,0,0
James Moore,CB,Texas,North Texas,6444,0,0,0,0,1,0,0,0,0,0,1,0,0,0,0
Eric Nance,ROLB,Texas,North Texas,6492,0,0,0,0,1,0,0,0,0,0,1,0,0,0,0
Tommy Dickson,SS,Texas,North Texas,6496,0,0,0,0,1,0,0,0,0,0,1,0,0,0,0
Luke Frazier,FS,Texas,North Texas,6454,0,0,0,0,1,0,0,0,1,0,1,0,0,0,0
Jim Pitts,DT,Texas,North Texas,6451,0,0,0,0,3,0,1,0,3,0,1,0,0,0,0
Joseph Holmes,ROLB,North Texas,at Texas,4524,0,0,0,0,1,0,0,0,0,0,1,0,0,0,0
Bryce White,CB,Texas,North Texas,6445,0,1,0,0,1,0,0,0,0,0,1,0,0,0,0
Oliver Duren,SS,Stanford,at Oregon,6146,0,1,0,0,1,0,0,0,0,0,1,0,0,0,0
Anthony Crenshaw,ROLB,Stanford,at Oregon,6140,0,0,0,0,5,1,0,0,0,0,1,0,0,0,0
Aaron Crowder,LE,Stanford,at Oregon,6118,0,0,0,0,4,0,0,0,0,0,1,0,0,0,0
Nick Minor,MLB,Stanford,at Oregon,6128,0,0,0,0,9,0,0,0,0,0,1,0,0,0,0
Patrick Williams,CB,Oregon,Stanford,5186,0,1,0,0,2,0,0,0,0,0,1,0,0,0,0
Marcus Tyson,MLB,Oregon,Stanford,5213,0,1,0,0,4,0,0,0,1,0,1,0,0,0,0
Jason Noble,SS,Oregon,Stanford,5231,26,0,0,0,6,0,0,0,0,1,1,0,1,0,26
Mark Williams,LOLB,Stanford,at Oregon,6122,0,0,0,0,5,0,0,0,0,0,1,0,0,0,0
Ron Lewis,CB,Stanford,at Oregon,6093,0,1,0,0,3,0,0,0,1,0,1,0,0,0,0
Keith Hayden,RE,Stanford,at Oregon,6135,0,0,0,0,1,0,0,0,0,0,1,0,0,0,0
Gary Bridges,CB,Oregon,Stanford,5184,0,2,0,0,2,1,0,0,0,0,1,0,0,0,0
David Jackson,MLB,Stanford,at Oregon,6129,0,0,0,0,5,0,0,0,0,0,1,0,0,0,0
Justin Ross,LOLB,Stanford,at Oregon,6123,0,0,0,0,3,0,0,0,0,0,1,0,0,0,0
Scott Ford,LE,Oregon,Stanford,5202,0,1,0,0,3,0,1,0,2,0,1,0,0,0,0
Terry Schneider,ROLB,Oregon,Stanford,5224,0,1,0,0,5,0,1,0,3,0,1,0,0,0,0
Jeff James,LOLB,Oregon,Stanford,5208,0,0,0,0,3,0,0,0,2,0,1,0,0,0,0
A.J. McDougal,DT,Oregon,Stanford,5189,0,1,0,0,2,0,1,0,2,0,1,0,0,0,0
Cameron Siegel,FS,Oregon,Stanford,5194,0,1,0,0,1,0,0,0,0,0,1,0,0,0,0
Jed Jennings,LE,Stanford,at Oregon,6117,0,0,0,0,1,0,0,0,0,0,1,0,0,0,0
Justin Hill,HB,Oregon,Stanford,5195,0,0,0,0,2,0,0,0,1,0,1,0,0,0,0
Chris Chance,RE,Stanford,at Oregon,6136,0,0,0,0,2,0,0,0,0,0,1,0,0,0,0
Caleb Lupo,FS,Stanford,at Oregon,6107,0,0,0,0,3,0,0,0,0,0,1,0,0,0,0
Justin Sims,RE,Oregon,Stanford,5221,0,0,0,0,1,0,0,0,0,0,1,0,0,0,0
Marcus Thompson,DT,Stanford,at Oregon,6102,0,0,0,0,4,0,0,0,0,0,1,0,0,0,0
Trevor Keller,LE,Oregon,Stanford,5201,0,0,0,0,1,0,0,0,0,0,1,0,0,0,0
Tucker Seward,ROLB,Oregon,Stanford,5225,0,0,0,0,3,0,0,0,0,0,1,0,0,0,0
Ervin Phillips,SS,Oregon,Stanford,5232,1,0,0,0,1,0,0,0,1,1,1,0,0,0,1
Eddie Pearson,CB,Oregon,Stanford,5244,0,2,0,0,0,0,0,0,0,0,1,0,0,0,0
Lee McGrew,FS,Oregon,Stanford,5193,0,1,0,0,0,0,0,0,0,0,1,0,0,0,0
Nick Edwards,CB,Stanford,at Oregon,6094,0,0,0,0,1,0,0,0,0,0,1,0,0,0,0
Nick Grant,LOLB,Oregon,Stanford,5206,0,1,0,0,1,0,0,0,0,0,1,0,0,0,0
Matt Smith,LOLB,Stanford,at Oregon,6124,0,0,0,0,3,0,0,0,1,0,1,0,0,0,0
Ben Stevenson,SS,Stanford,at Oregon,6147,0,0,0,0,1,0,0,0,0,0,1,0,0,0,0
Justin Christian,CB,Stanford,at Oregon,6095,0,0,0,0,1,0,0,0,0,0,1,0,0,0,0
Tony Garrett,LOLB,Oklahoma State,Missouri State,5072,0,0,0,0,5,0,0,0,0,0,1,0,0,0,0
Claude Oliver,LE,Oklahoma State,Missouri State,5066,0,0,0,0,2,0,0,0,0,0,1,0,0,0,0
Carlos Kelly,ROLB,Oklahoma State,Missouri State,5090,0,2,0,0,3,0,0,0,0,0,1,0,0,0,0
Jay Logan,DT,Oklahoma State,Missouri State,5051,0,0,0,0,2,0,0,0,0,0,1,0,0,0,0
Jeff Horne,CB,Oklahoma State,Missouri State,5042,0,0,0,0,5,0,0,0,0,0,1,0,0,0,0
Raymond Smith,SS,Oklahoma State,Missouri State,5097,0,0,0,0,3,0,0,0,2,0,1,0,0,0,0
Anthony Wiggins,FS,Oklahoma State,Missouri State,5056,0,0,0,0,4,1,0,0,2,0,1,0,0,0,0
Blake Little,DT,Oklahoma State,Missouri State,5050,0,0,0,0,2,0,1,0,2,0,1,0,0,0,0
Jordan Brooks,CB,Oklahoma State,Missouri State,5046,0,2,0,0,1,0,0,0,0,0,1,0,0,0,0
Dustin Mullins,LE,Oklahoma State,Missouri State,5067,0,0,0,0,0,0,0,0,0,0,1,1,0,5,0
Chris Dailey,CB,Oklahoma State,Missouri State,5043,0,0,0,0,2,0,0,0,0,0,1,0,0,0,0
Scott Buckles,RE,Oklahoma State,Missouri State,5084,0,0,0,0,3,0,1,0,2,0,1,0,0,0,0
Mike McCloud,CB,Oklahoma State,Missouri State,5045,0,0,0,0,1,0,0,0,0,0,1,0,0,0,0
Carl Mooney,SS,Oklahoma State,Missouri State,5095,0,1,0,1,1,0,0,0,0,0,1,0,0,0,0
Shelton McDaniel,CB,Oklahoma State,Missouri State,5044,0,0,0,0,2,0,0,0,0,0,1,0,0,0,0
Justin Jones,RE,Oklahoma State,Missouri State,5083,0,0,0,0,1,0,0,0,0,0,1,0,0,0,0
Darrin Smith,DT,Ohio,Tennessee-Martin,4837,0,0,0,0,3,0,0,0,0,0,1,0,0,0,0
Cliff White,LOLB,Ohio,Tennessee-Martin,4856,0,3,0,0,8,0,1,0,4,0,1,0,0,0,0
James Jackson,ROLB,Ohio,Tennessee-Martin,4876,0,0,0,0,3,0,0,0,0,0,1,0,0,0,0
Shane McKnight,RE,Ohio,Tennessee-Martin,4872,0,0,0,0,2,0,0,0,0,0,1,1,0,5,0
Roy Andrews,LE,Ohio,Tennessee-Martin,4852,0,0,0,0,4,0,1,0,2,0,1,0,0,0,0
David Johnson,CB,Ohio,Tennessee-Martin,4833,0,1,0,0,5,0,0,0,0,0,1,0,0,0,0
Ryan Davis,SS,Ohio,Tennessee-Martin,4879,0,2,0,0,3,0,0,0,0,0,1,0,0,0,0
Kyler Skinner,MLB,Ohio,Tennessee-Martin,4862,0,0,0,0,1,0,0,0,0,0,1,0,0,0,0
Ryan Singleton,ROLB,Ohio,Tennessee-Martin,4875,0,0,0,0,1,0,0,0,0,0,1,0,0,0,0
Stephen Newton,MLB,Ohio,Tennessee-Martin,4861,0,1,0,0,4,0,0,0,2,0,1,0,0,0,0
J.R. Dean,CB,Ohio,Tennessee-Martin,4832,0,0,0,0,3,0,0,0,0,0,1,0,0,0,0
Ben Hunter,FS,Ohio,Tennessee-Martin,4844,0,3,0,0,1,1,0,0,0,0,1,0,0,0,0
Nathan Freeman,SS,Ohio,Tennessee-Martin,4880,0,0,0,0,1,0,0,0,0,0,1,0,0,0,0
Allan Heinz,FS,Navy,ECU,4005,0,0,0,0,4,0,0,0,0,0,1,0,0,0,0
Chad Thomas,ROLB,Navy,ECU,4037,0,0,0,0,2,0,0,0,0,1,1,0,0,0,511
Eric Jackson,FS,ECU,at Navy,1764,0,0,0,0,6,0,0,0,1,0,1,0,0,0,0
Robert Coe,CB,Navy,ECU,3994,0,0,0,0,3,0,0,0,0,0,1,0,0,0,0
Carl Reid,LOLB,Navy,ECU,4020,45,0,0,0,4,0,0,0,0,1,1,0,0,0,45
Korey Thompson,MLB,Navy,ECU,4024,0,0,0,0,2,0,0,0,0,0,1,0,0,0,0
Ronald Young,SS,Navy,ECU,4042,0,0,0,0,2,0,0,0,0,0,1,0,0,0,0
Joey Johnson,DT,Navy,ECU,4002,0,0,0,0,2,0,0,0,0,0,1,0,0,0,0
Shane Cunningham,SS,ECU,at Navy,1797,0,0,0,0,1,0,0,0,0,0,1,0,0,0,0
Nick Clifford,RE,ECU,at Navy,1788,0,0,0,0,6,0,0,0,0,0,1,0,0,0,0
David Miller,CB,ECU,at Navy,1753,0,0,0,0,1,0,0,0,0,0,1,0,0,0,0
Grady Martin,RE,Navy,ECU,4031,0,0,0,0,3,0,0,0,1,0,1,0,0,0,0
Sean Massey,CB,Navy,ECU,3993,0,2,0,0,0,0,0,0,0,0,1,0,0,0,0
R.J. Hughes,DT,Navy,ECU,4000,0,0,0,0,1,0,0,0,0,0,1,0,0,0,0
Adam Thomas,MLB,Navy,ECU,4023,0,0,0,0,1,0,0,0,0,0,1,0,0,0,0
Lance Butler,DT,ECU,at Navy,1757,0,0,0,0,1,0,0,0,0,0,1,0,0,0,0
Michael Rawls,MLB,ECU,at Navy,1781,0,0,0,0,6,0,0,0,1,0,1,0,0,0,0
Richie Basch,LE,ECU,at Navy,1772,0,0,0,0,6,0,0,0,0,0,1,0,0,0,0
Richard Grant,DT,ECU,at Navy,1759,0,0,0,0,1,0,0,0,1,0,1,0,0,0,0
Kyle Dodds,LOLB,ECU,at Navy,1776,0,1,0,0,3,0,0,0,0,0,1,0,0,0,0
Ryan Wayne,ROLB,Navy,ECU,4038,0,1,0,0,5,0,0,0,0,0,1,0,0,0,0
Jaron Sevin,SS,ECU,at Navy,1796,0,0,0,0,2,0,0,0,0,0,1,0,0,0,0
Mark Kelley,CB,ECU,at Navy,1754,0,0,0,0,3,0,0,0,0,0,1,0,0,0,0
Mark Price,CB,ECU,at Navy,1756,0,1,0,0,1,0,0,0,0,0,1,0,0,0,0
Andrew Webb,SS,Navy,ECU,4041,0,0,0,0,1,0,0,0,0,0,1,0,0,0,0
Paul Griffin,ROLB,ECU,at Navy,1792,0,1,0,0,3,0,0,0,0,0,1,0,0,0,0
Rashaun Bolen,FS,Navy,ECU,4006,0,0,0,0,2,0,0,0,0,0,1,0,0,0,0
Joseph Jackson,MLB,Navy,ECU,4026,0,0,0,0,4,0,0,0,0,0,1,0,0,0,0
Tim Pearson,LOLB,ECU,at Navy,1778,0,0,0,0,2,0,0,0,0,0,1,0,0,0,0
Mike Maynard,MLB,ECU,at Navy,1782,0,0,0,0,3,0,0,0,0,0,1,0,0,0,0
Corey Fry,RE,Navy,ECU,4033,0,0,0,0,1,0,0,0,0,0,1,0,0,0,0
Matt Harris,LE,Navy,ECU,4014,0,0,0,0,1,0,0,0,0,0,1,0,0,0,0
Maurice Rush,RE,ECU,at Navy,1789,0,0,0,0,1,0,0,0,0,0,1,0,0,0,0
Cole McDonald,LOLB,Missouri,Murray State,3946,0,2,0,0,4,1,0,0,0,0,1,1,0,53,0
Clifford Thornton,CB,Missouri,Murray State,3923,0,0,0,0,2,0,0,0,0,0,1,1,0,0,0
Michael Durfee,DT,Missouri,Murray State,3929,0,0,0,0,3,0,0,0,0,0,1,0,0,0,0
Nick Brown,ROLB,Missouri,Murray State,3964,0,0,0,0,2,0,0,0,0,0,1,0,0,0,0
Jamie Hayden,RE,Missouri,Murray State,3958,0,1,0,0,1,0,0,0,0,0,1,0,0,0,0
Anthony Gray,MLB,Missouri,Murray State,3953,0,0,0,0,1,0,0,0,0,0,1,0,0,0,0
Desmond Capers,ROLB,Missouri,Murray State,3963,0,0,0,0,4,1,1,0,2,0,1,0,0,0,0
Marques Hall,FS,Missouri,Murray State,3933,0,0,0,0,1,0,0,0,0,0,1,0,0,0,0
Travis Williams,LE,Missouri,Murray State,3940,0,1,0,0,2,0,0,0,0,0,1,0,0,0,0
Caleb Jones,CB,Missouri,Murray State,3922,0,1,0,0,1,0,0,0,0,0,1,0,0,0,0
Chris Thurman,SS,Missouri,Murray State,3968,0,0,0,0,1,0,0,0,0,0,1,0,0,0,0
Jacob London,MLB,Missouri,Murray State,3952,0,0,0,0,3,0,0,0,0,0,1,0,0,0,0
Bo Cabral,RE,Missouri,Murray State,3959,0,0,0,0,1,0,0,0,0,0,1,0,0,0,0
Vincent Brooks,SS,Missouri,Murray State,3969,0,3,0,0,2,0,0,0,0,0,1,0,0,0,0
Adam King,LOLB,Missouri,Murray State,3947,0,1,0,0,1,0,0,0,0,0,1,0,0,0,0
Nate Malone,FS,Missouri,Murray State,3934,0,0,0,0,1,0,0,0,1,0,1,0,0,0,0
Jonathan Jones,MLB,Idaho,at Michigan State,2406,0,0,0,0,4,0,0,0,0,0,1,0,0,0,0
Josh Hill,LOLB,Idaho,at Michigan State,2403,0,1,0,0,8,0,0,0,1,0,1,0,0,0,0
Jason Marshall,CB,Idaho,at Michigan State,2384,0,0,0,0,3,0,0,0,0,0,1,0,0,0,0
Vincent Wilson,CB,Idaho,at Michigan State,2382,0,1,0,0,4,0,0,0,0,0,1,0,0,0,0
Harry Patterson,CB,Michigan State,Idaho,3643,0,2,0,0,3,0,0,0,1,0,1,0,0,0,0
Matt Walden,SS,Michigan State,Idaho,3687,0,0,0,0,4,0,0,0,1,0,1,0,0,0,0
Chad Clarke,LE,Idaho,at Michigan State,2397,0,0,0,0,6,1,1,0,3,0,1,0,0,0,0
Gary Thomas,RE,Michigan State,Idaho,3679,0,0,0,0,1,1,0,0,0,0,1,0,0,0,0
Matt Smith,ROLB,Michigan State,Idaho,3682,0,1,0,0,5,0,1,0,2,0,1,1,0,0,0
Marcus Barbato,DT,Michigan State,Idaho,3647,0,0,0,0,2,0,0,0,0,0,1,0,0,0,0
Anthony Moore,CB,Idaho,at Michigan State,2383,0,0,0,0,1,0,0,0,0,0,1,0,0,0,0
Courtney Seals,SS,Idaho,at Michigan State,2422,0,1,0,0,3,0,0,0,0,0,1,0,0,0,0
Garrett Beck,LOLB,Michigan State,Idaho,3668,0,1,0,0,3,0,0,0,1,0,1,0,0,0,0
Mike Cox,FS,Michigan State,Idaho,3653,0,1,0,0,4,0,1,0,2,0,1,0,0,0,0
Morris Burns,ROLB,Idaho,at Michigan State,2418,0,2,0,0,6,0,0,0,0,0,1,0,0,0,0
Pat Ostrander,CB,Michigan State,Idaho,3646,0,0,0,0,2,0,0,0,0,0,1,1,0,4,0
Jason Valentine,FS,Idaho,at Michigan State,2390,0,0,0,0,2,0,0,0,0,0,1,0,0,0,0
Joe White,RE,Michigan State,Idaho,3678,0,0,0,0,4,0,2,0,4,0,1,0,0,0,0
Marcus Anderson,DT,Idaho,at Michigan State,2386,0,1,0,0,5,0,0,0,0,0,1,0,0,0,0
Brandon Fraser,RE,Idaho,at Michigan State,2412,0,0,0,0,3,1,0,0,0,0,1,0,0,0,0
Casey Walton,LE,Idaho,at Michigan State,2399,0,0,0,0,1,0,0,0,0,0,1,0,0,0,0
Marques Jacques,MLB,Michigan State,Idaho,3671,0,1,0,0,0,0,0,0,0,0,1,0,0,0,0
Tyson Phillips,CB,Idaho,at Michigan State,2385,0,0,0,0,3,0,0,0,0,0,1,0,0,0,0
Mike Lewis,MLB,Michigan State,Idaho,3672,0,0,0,0,2,0,0,0,2,0,1,0,0,0,0
Anthony Holley,SS,Michigan State,Idaho,3686,0,1,0,0,1,0,0,0,0,0,1,0,0,0,0
Will McKinney,RE,Idaho,at Michigan State,2413,0,1,0,0,0,0,0,0,0,0,1,0,0,0,0
Corey East,DT,Michigan State,Idaho,3650,0,1,0,0,1,0,0,0,1,0,1,0,0,0,0
Desmond Green,DT,Idaho,at Michigan State,2387,0,0,0,0,1,0,0,0,0,0,1,0,0,0,0
Sean Howe,LOLB,Idaho,at Michigan State,2402,0,0,0,0,1,0,0,0,0,0,1,0,0,0,0
Will Garrett,DT,Michigan State,Idaho,3649,0,0,0,0,1,0,0,0,1,0,1,0,0,0,0
Marcus Harrell,LE,Michigan State,Idaho,3662,0,0,0,0,2,0,1,0,2,0,1,0,0,0,0
John Smith,CB,Maryland,William and Mary,3293,0,0,0,0,1,0,0,0,0,0,1,0,0,0,0
Joe Brown,SS,Maryland,William and Mary,3343,0,0,0,0,3,0,0,0,0,0,1,0,0,0,0
Erik Hollinsworth,RE,Maryland,William and Mary,3336,0,0,0,0,4,0,0,0,1,0,1,0,0,0,0
Kyle Bryant,CB,Maryland,William and Mary,3294,0,1,0,0,4,0,0,0,0,0,1,0,0,0,0
Chuck Strong,MLB,Maryland,William and Mary,3324,0,1,0,0,5,0,1,0,3,0,1,0,0,0,0
Robert Lee,ROLB,Maryland,William and Mary,3340,0,1,0,0,5,0,1,0,2,0,1,0,0,0,0
Donte Wilson,DT,Maryland,William and Mary,3300,0,0,0,0,3,0,0,0,0,0,1,0,0,0,0
William Kirk,LOLB,Maryland,William and Mary,3320,0,0,0,0,1,0,0,0,0,0,1,0,0,0,0
Thomas Yates,LOLB,Maryland,William and Mary,3319,0,0,0,0,1,0,0,0,0,0,1,0,0,0,0
Maurice Rawls,MLB,Maryland,William and Mary,3323,0,0,0,0,3,0,0,0,0,0,1,0,0,0,0
Bill Smith,SS,Maryland,William and Mary,3345,0,0,0,0,1,0,0,0,0,0,1,0,0,0,0
Gabe Abdullah,DT,Maryland,William and Mary,3299,0,0,0,0,1,0,0,0,0,0,1,0,0,0,0
Jermaine Edmonds,FS,Maryland,William and Mary,3303,0,0,0,0,1,0,0,0,0,0,1,0,0,0,0
Carlton Robinson,DT,Maryland,William and Mary,3298,0,0,0,0,4,0,1,0,2,0,1,0,0,0,0
Jason Lee,LE,Maryland,William and Mary,3313,0,0,0,0,1,0,0,0,0,0,1,0,0,0,0
Tyler Davis,ROLB,Kansas,Northwestern St,2774,0,1,0,0,6,0,1,0,3,0,1,0,0,0,0
Tom Jones,LE,Kansas,Northwestern St,2752,0,1,0,0,2,0,0,0,0,0,1,0,0,0,0
Mike Rutledge,MLB,Kansas,Northwestern St,2762,0,0,0,0,1,0,0,0,0,0,1,0,0,0,0
Jonathan Sanders,DT,Kansas,Northwestern St,2741,0,0,0,0,1,0,0,0,0,0,1,0,0,0,0
John Johnson,RE,Kansas,Northwestern St,2767,0,0,0,0,2,0,0,0,0,0,1,0,0,0,0
Albert Hollis,LOLB,Kansas,Northwestern St,2757,0,2,0,0,2,0,0,0,1,0,1,0,0,0,0
Jon Turner,MLB,Kansas,Northwestern St,2761,0,0,0,0,1,0,0,0,0,0,1,0,0,0,0
Kyle Davenport,DT,Kansas,Northwestern St,2740,0,1,0,0,3,0,0,0,0,0,1,0,0,0,0
Fred White,SS,Kansas,Northwestern St,2777,36,0,0,0,4,0,0,0,0,1,1,0,1,0,36
Charles Fox,RE,Kansas,Northwestern St,2769,0,0,0,0,3,0,0,0,0,0,1,0,0,0,0
Ray Malone,SS,Kansas,Northwestern St,2778,0,0,0,0,2,0,0,0,0,0,1,0,0,0,0
Stephon Foster,CB,Kansas,Northwestern St,2732,36,0,0,0,1,0,0,0,0,1,1,2,1,0,36
Cornelius Ross,CB,Kansas,Northwestern St,2733,0,1,0,0,3,0,0,0,0,0,1,0,0,0,0
Ira Lumpkin,CB,Kansas,Northwestern St,2737,0,0,0,0,3,0,0,0,0,0,1,0,0,0,0
Art Durfee,ROLB,Kansas,Northwestern St,2773,0,2,0,0,2,0,0,0,0,0,1,0,0,0,0
Garrett Johnson,FS,Kansas,Northwestern St,2746,0,0,0,0,2,0,0,0,0,0,1,0,0,0,0
Mike Horton,LOLB,Kansas,Northwestern St,2758,0,1,0,0,4,0,1,0,2,0,1,0,0,0,0
Dan Browne,FS,Kansas,Northwestern St,2747,0,0,0,0,1,0,0,0,0,0,1,0,0,0,0
Justin Sanders,DT,Kansas,Northwestern St,2742,0,0,0,0,2,0,0,0,0,0,1,0,0,0,0
Jamie Gibson,FS,Iowa,Montana,2609,10,0,0,0,1,0,0,0,0,1,1,0,0,0,10
Sean Newman,CB,Iowa,Montana,2595,0,0,0,0,1,0,0,0,0,0,1,1,0,0,0
Rico Brock,CB,Iowa,Montana,2597,3,1,0,0,1,0,0,0,0,1,1,0,0,0,3
Brandon Whitaker,DT,Iowa,Montana,2604,0,0,0,0,2,0,0,0,1,0,1,0,0,0,0
Brent Barnett,MLB,Iowa,Montana,2628,0,2,0,0,6,0,1,0,3,0,1,0,0,0,0
Jarrett Beck,ROLB,Iowa,Montana,2640,0,0,0,0,4,0,1,0,4,0,1,0,0,0,0
Spencer Swain,LOLB,Iowa,Montana,2622,0,3,0,0,6,0,0,0,1,0,1,0,0,0,0
Jason Wagner,DT,Iowa,Montana,2599,0,0,0,0,2,0,0,0,0,0,1,0,0,0,0
Nick Frazier,SS,Iowa,Montana,2643,0,2,0,0,1,0,0,0,0,0,1,0,0,0,0
Calvin Alford,RE,Iowa,Montana,2634,0,0,0,0,2,0,1,0,2,0,1,0,0,0,0
Joe Fletcher,LE,Iowa,Montana,2619,0,1,0,0,2,0,1,0,2,0,1,0,0,0,0
Jon Bush,CB,Iowa,Montana,2596,0,0,0,0,1,0,0,0,0,0,1,0,0,0,0
Larry Crooks,MLB,Iowa,Montana,2629,0,1,0,0,3,0,1,0,2,0,1,0,0,0,0
Ryan Barrett,LE,Iowa,Montana,2618,0,3,0,0,0,0,0,0,0,0,1,0,0,0,0
Mike James,ROLB,Iowa,Montana,2639,0,1,0,0,1,0,0,0,0,0,1,0,0,0,0
Lonnie Battle,FS,Iowa,Montana,2610,0,1,0,0,0,0,0,0,0,0,1,0,0,0,0
Blake Madison,LOLB,Iowa,Montana,2657,0,1,0,0,1,0,0,0,0,0,1,0,0,0,0
Jay Rogers,DT,Iowa,Montana,2601,0,0,0,0,2,0,1,0,2,0,1,0,0,0,0
Drew Bracken,MLB,Colorado State,Weber State,1642,0,1,0,0,4,0,1,0,3,0,1,0,0,0,0
Adam Rogers,DT,Colorado State,Weber State,1620,0,0,0,0,7,1,1,0,2,0,1,0,0,0,0
Jason McCrimon,RE,Colorado State,Weber State,1649,0,0,0,0,1,0,0,0,0,0,1,0,0,0,0
John Bolden,LOLB,Colorado State,Weber State,1638,0,2,0,0,3,0,0,0,0,0,1,0,0,0,0
Brad Davis,RE,Colorado State,Weber State,1648,0,1,0,0,4,0,1,0,2,0,1,0,0,0,0
Joseph Considine,ROLB,Colorado State,Weber State,1652,0,0,0,0,4,1,0,0,0,0,1,0,0,0,0
Vince Quinn,CB,Colorado State,Weber State,1616,0,2,0,0,3,0,0,0,0,0,1,0,0,0,0
Trey Heckel,LE,Colorado State,Weber State,1634,0,1,0,0,0,0,0,0,0,0,1,0,0,0,0
Jamaal Hogan,FS,Colorado State,Weber State,1625,0,1,0,0,2,0,0,0,0,0,1,0,0,0,0
Julian Davis,CB,Colorado State,Weber State,1614,0,0,0,0,3,0,0,0,0,0,1,0,0,0,0
Kevin McGrew,SS,Colorado State,Weber State,1658,2,0,0,0,1,0,0,0,0,1,1,0,0,0,2
Stanford Fulmore,DT,Colorado State,Weber State,1622,0,0,0,0,2,0,0,0,1,0,1,0,0,0,0
Corey Guidry,CB,Colorado State,Weber State,1617,0,1,0,0,0,0,0,0,0,0,1,0,0,0,0
Pete Lindsey,SS,Colorado State,Weber State,1659,0,0,0,0,1,0,0,0,0,0,1,0,0,0,0
Jerome Larkin,SS,Florida Atlantic,at Clemson,16076,0,1,0,0,9,0,0,0,0,0,1,0,0,0,0
Jason Gilbert,LOLB,Florida Atlantic,at Clemson,16056,0,0,0,0,7,0,1,0,4,0,1,0,0,0,0
Trent Alvarez,CB,Florida Atlantic,at Clemson,16034,0,0,0,0,1,0,0,0,0,0,1,0,0,0,0
Pete Brown,SS,Clemson,Florida Atlantic,1524,0,1,0,0,2,0,0,0,0,1,1,0,0,0,511
Adam Tucker,DT,Clemson,Florida Atlantic,1482,3,0,0,0,2,0,0,0,1,1,1,0,0,0,3
Jeff Fenner,CB,Clemson,Florida Atlantic,1473,45,0,0,0,3,0,0,0,0,1,1,0,1,0,45
Jameel McCloud,ROLB,Clemson,Florida Atlantic,1517,0,0,0,0,1,0,0,0,0,0,1,0,0,0,0
Chris Hughes,ROLB,Florida Atlantic,at Clemson,16072,0,0,0,0,6,0,0,0,1,0,1,0,0,0,0
Otis Mohn,DT,Florida Atlantic,at Clemson,16038,0,0,0,0,4,0,1,0,2,0,1,1,0,8,0
Jason Randolph,CB,Clemson,Florida Atlantic,1475,0,0,0,0,5,0,0,0,0,0,1,0,0,0,0
Eric Lester,MLB,Clemson,Florida Atlantic,1505,0,0,0,0,2,0,0,0,1,0,1,0,0,0,0
Rodney Sanni,LE,Florida Atlantic,at Clemson,16050,0,0,0,0,9,0,3,0,6,0,1,0,0,0,0
Nathan Ramsey,CB,Florida Atlantic,at Clemson,16035,0,0,0,0,2,0,0,0,0,1,1,0,0,0,511
Todd Peterson,LE,Clemson,Florida Atlantic,1495,0,1,0,0,2,0,0,0,0,0,1,0,0,0,0
Mike Price,ROLB,Clemson,Florida Atlantic,1519,0,3,0,0,3,0,1,0,2,0,1,0,0,0,0
Cornelius O'Neill,FS,Clemson,Florida Atlantic,1487,0,2,0,0,3,0,0,0,1,0,1,0,0,0,0
Scott Bush,CB,Florida Atlantic,at Clemson,16087,0,0,0,0,2,0,0,0,0,0,1,0,0,0,0
Will Lambert,CB,Clemson,Florida Atlantic,1476,0,3,0,0,1,0,0,0,0,0,1,0,0,0,0
Mark Mills,LOLB,Clemson,Florida Atlantic,1501,0,0,0,0,1,0,0,0,0,0,1,0,0,0,0
Stephen Evans,LOLB,Clemson,Florida Atlantic,1500,0,1,0,0,4,0,0,0,1,0,1,0,0,0,0
Keith Sanders,LOLB,Florida Atlantic,at Clemson,16057,0,0,0,0,3,0,0,0,0,0,1,0,0,0,0
Antonio Rozner,MLB,Florida Atlantic,at Clemson,16060,0,1,0,0,2,0,0,0,0,0,1,0,0,0,0
Aaron Harris,RE,Florida Atlantic,at Clemson,16067,0,0,0,0,1,0,0,0,0,0,1,0,0,0,0
Todd Hall,MLB,Florida Atlantic,at Clemson,16062,0,0,0,0,5,0,0,0,1,0,1,0,0,0,0
Paul Curry,RE,Clemson,Florida Atlantic,1512,0,0,0,0,1,0,0,0,0,0,1,0,0,0,0
Alex Hampton,DT,Clemson,Florida Atlantic,1479,0,1,0,0,2,0,0,0,2,0,1,0,0,0,0
Jeremy Wright,FS,Florida Atlantic,at Clemson,16045,0,0,0,0,2,0,0,0,0,0,1,0,0,0,0
Mike Parham,LE,Clemson,Florida Atlantic,1496,0,0,0,0,1,0,0,0,0,0,1,0,0,0,0
Tyler Hall,DT,Florida Atlantic,at Clemson,16037,0,0,0,0,1,0,0,0,0,0,1,0,0,0,0
Claude Price,SS,Clemson,Florida Atlantic,1523,0,0,0,0,0,0,0,0,0,1,1,0,0,0,510
John Burgess,ROLB,Florida Atlantic,at Clemson,16073,0,1,0,0,0,0,0,0,0,0,1,0,0,0,0
Kenton Lucas,MLB,Clemson,Florida Atlantic,1506,0,0,0,0,1,1,0,0,0,0,1,0,0,0,0
Tony Jackson,CB,Clemson,Florida Atlantic,1474,0,0,0,0,0,0,0,0,0,0,1,1,0,0,0
Keith Charles,MLB,Boise State,Sacramento State,874,0,0,0,0,6,1,0,0,0,0,1,0,0,0,0
Derrick Barber,DT,Boise State,Sacramento State,851,0,0,0,0,3,0,0,0,0,0,1,0,0,0,0
Ken McCall,CB,Boise State,Sacramento State,843,0,2,0,0,3,0,0,0,0,0,1,0,0,0,0
Derrick Holt,ROLB,Boise State,Sacramento State,885,0,1,0,0,2,0,0,0,0,0,1,0,0,0,0
Tony Walker,LE,Boise State,Sacramento State,865,0,0,0,0,1,0,0,0,0,0,1,0,0,0,0
Drew McCoy,CB,Boise State,Sacramento State,844,0,0,0,0,3,0,0,0,1,0,1,0,0,0,0
Reggie Harris,LOLB,Boise State,Sacramento State,868,0,0,0,0,8,0,3,0,6,0,1,0,0,0,0
Ernest Wilson,FS,Boise State,Sacramento State,857,0,0,0,0,3,1,1,0,2,0,1,0,0,0,0
Brandon Nelson,SS,Boise State,Sacramento State,890,4,1,0,0,3,0,0,0,0,1,1,0,0,0,4
Tom Davis,DT,Boise State,Sacramento State,850,0,0,0,0,2,0,0,0,0,0,1,0,0,0,0
Randy Bailey,MLB,Boise State,Sacramento State,875,4,1,0,0,3,0,0,0,1,1,1,0,0,0,4
Dante Green,SS,Boise State,Sacramento State,891,0,1,0,0,0,0,0,0,0,0,1,0,0,0,0
Corey White,RE,Boise State,Sacramento State,881,0,0,0,0,3,0,0,0,0,0,1,0,0,0,0
Lee Scott,CB,Boise State,Sacramento State,845,0,0,0,0,1,0,0,0,0,0,1,1,0,0,0
Aaron Jenkins,FS,Boise State,Sacramento State,858,0,0,0,0,1,0,0,0,0,0,1,0,0,0,0
Michael Wise,LE,Boise State,Sacramento State,864,0,0,0,0,1,0,0,0,0,0,1,0,0,0,0
Scott McGill,DT,Boise State,Sacramento State,854,0,1,0,0,1,0,0,0,0,0,1,0,0,0,0
Shannon Nichols,ROLB,Boise State,Sacramento State,886,0,0,0,0,1,0,0,0,0,0,1,0,0,0,0
Joe Garcia,CB,Boise State,Sacramento State,846,0,0,0,0,1,0,0,0,0,0,1,0,0,0,0
Kevin Atkins,RE,Boise State,Sacramento State,882,0,0,0,0,2,0,0,0,0,0,1,0,0,0,0
Brian Pruitt,LOLB,Boise State,Sacramento State,870,0,0,0,0,3,0,0,0,0,0,1,0,0,0,0
Riley Smith,CB,Washington State,at Auburn,7772,0,0,0,0,3,0,0,0,0,0,1,0,0,0,0
D.J. Smith,LE,Washington State,at Auburn,7790,0,0,0,0,3,0,0,0,0,0,1,0,0,0,0
Marques Crews,DT,Washington State,at Auburn,7781,0,0,0,0,5,1,0,0,1,0,1,0,0,0,0
Billy McKinney,RE,Washington State,at Auburn,7807,0,0,0,0,2,1,0,0,0,0,1,1,0,7,0
Phil Hill,SS,Auburn,Washington State,682,0,0,0,0,3,0,0,0,0,0,1,0,0,0,0
Scott Lucas,SS,Auburn,Washington State,683,0,0,0,0,1,0,0,0,0,0,1,0,0,0,0
Jared Thompson,DT,Auburn,Washington State,642,0,1,0,0,3,0,0,0,0,0,1,0,0,0,0
Shelton Scott,MLB,Auburn,Washington State,663,0,1,0,0,8,0,0,0,0,0,1,1,0,0,0
Sam Poppinga,LE,Auburn,Washington State,654,0,0,0,0,10,0,2,0,5,0,1,0,0,0,0
Clarence Nixon,CB,Washington State,at Auburn,7773,0,1,0,0,1,0,0,0,0,0,1,0,0,0,0
Jonathan Talley,LOLB,Washington State,at Auburn,7795,0,1,0,1,9,0,0,0,2,0,1,1,0,6,0
Jason Latimer,LOLB,Auburn,Washington State,660,0,1,0,0,8,0,0,0,0,0,1,0,0,0,0
Ross Davis,CB,Auburn,Washington State,633,0,0,0,0,4,0,0,0,0,0,1,0,0,0,0
Brandon Douglas,CB,Auburn,Washington State,635,0,0,0,0,2,0,0,0,0,0,1,0,0,0,0
Pat Watson,MLB,Washington State,at Auburn,7798,8,1,0,0,11,0,2,0,4,1,1,0,0,0,8
Leon Stover,DT,Auburn,Washington State,640,0,0,0,0,1,0,0,0,0,0,1,0,0,0,0
Ira Green,RE,Auburn,Washington State,672,0,1,0,0,4,0,1,0,3,0,1,0,0,0,0
Ali Ball,ROLB,Auburn,Washington State,678,0,0,0,0,4,0,1,0,2,0,1,0,0,0,0
Kelvin Rodgers,ROLB,Washington State,at Auburn,7811,0,0,0,0,4,0,1,0,2,0,1,0,0,0,0
Quinton Sowell,SS,Washington State,at Auburn,7817,0,0,0,0,2,0,0,0,0,0,1,0,0,0,0
Dan Garrison,MLB,Auburn,Washington State,664,0,1,0,0,1,0,0,0,0,0,1,0,0,0,0
John Woods,CB,Auburn,Washington State,634,0,0,0,0,1,0,0,0,0,0,1,0,0,0,0
Thomas Anderson,DT,Auburn,Washington State,643,0,1,0,0,2,0,0,0,0,0,1,0,0,0,0
Kyle McCrimon,FS,Auburn,Washington State,646,0,0,0,0,1,0,0,0,0,0,1,0,0,0,0
Jonathan Medlock,FS,Washington State,at Auburn,7783,0,0,0,0,3,0,0,0,0,0,1,0,0,0,0
Vincent Thompson,DT,Washington State,at Auburn,7778,0,0,0,0,3,0,0,0,0,0,1,0,0,0,0
Edmond O'Brian,CB,Washington State,at Auburn,7774,0,0,0,0,1,0,0,0,1,0,1,0,0,0,0
Frank Smith,LOLB,Washington State,at Auburn,7794,0,0,0,0,2,0,1,0,2,0,1,0,0,0,0
Brian Day,RE,Auburn,Washington State,673,0,0,0,0,1,0,0,0,0,0,1,0,0,0,0
Chad Osborne,SS,Arkansas,USC,472,0,0,0,0,2,0,0,0,0,0,1,0,0,0,0
Sean Schmidt,CB,USC,at Arkansas,7146,0,0,0,0,3,0,0,0,0,0,1,0,0,0,0
Thomas Wright,ROLB,USC,at Arkansas,7189,0,0,0,0,8,0,1,0,2,0,1,0,0,0,0
Josh Babcock,LE,Arkansas,USC,447,0,0,0,0,3,0,0,0,0,0,1,0,0,0,0
Shaun Murphy,ROLB,Arkansas,USC,467,0,1,0,0,8,0,1,0,3,0,1,0,0,0,0
Eric Ellis,RE,Arkansas,USC,463,0,1,0,0,2,0,0,0,0,0,1,0,0,0,0
Shedrick Goodman,LOLB,USC,at Arkansas,7173,0,2,0,0,5,0,0,0,0,0,1,0,0,0,0
Fred Wiggins,MLB,USC,at Arkansas,7176,0,1,0,0,8,0,1,0,3,0,1,0,0,0,0
Dan O'Connor,CB,Arkansas,USC,423,0,1,0,0,0,0,0,0,0,0,1,0,0,0,0
Victor Harris,DT,USC,at Arkansas,7148,0,0,0,0,2,0,0,0,0,0,1,0,0,0,0
Tyrone DeLuca,RE,USC,at Arkansas,7183,0,0,0,0,3,0,0,0,0,0,1,0,0,0,0
Lorenzo Brown,LE,USC,at Arkansas,7167,0,3,0,0,2,0,0,0,1,0,1,0,0,0,0
Nate Wilcox,MLB,Arkansas,USC,458,0,0,0,0,2,0,0,0,0,0,1,0,0,0,0
John Ferguson,LOLB,Arkansas,USC,452,0,0,0,0,4,0,0,0,1,0,1,0,0,0,0
John Burton,FS,Arkansas,USC,440,0,0,0,0,3,0,0,0,0,0,1,0,0,0,0
Josh Heckel,RE,USC,at Arkansas,7184,0,0,0,0,3,0,1,0,2,0,1,0,0,0,0
Mike Harris,FS,USC,at Arkansas,7156,0,1,0,0,1,0,0,0,0,0,1,0,0,0,0
Tommy Pittman,DT,USC,at Arkansas,7150,0,0,0,0,1,0,0,0,0,0,1,0,0,0,0
Landon Brown,SS,USC,at Arkansas,7195,0,0,0,0,2,0,0,0,0,0,1,0,0,0,0
Fred Bradley,DT,Arkansas,USC,430,0,1,0,0,3,0,0,0,0,0,1,0,0,0,0
Marcus Harper,CB,Arkansas,USC,426,0,1,0,0,0,0,0,0,0,0,1,0,0,0,0
John Webb,DT,Arkansas,USC,432,0,0,0,0,4,0,0,0,0,0,1,0,0,0,0
Daniel Wilcher,CB,USC,at Arkansas,7144,0,2,0,0,1,0,0,0,1,0,1,0,0,0,0
Isaac Clark,CB,USC,at Arkansas,7142,0,0,0,0,1,0,0,0,0,0,1,0,0,0,0
Reynaldo Petty,CB,Arkansas,USC,424,9,0,0,0,3,0,0,0,0,1,1,0,0,0,9
Marcus Hubbard,SS,USC,at Arkansas,7196,60,0,0,0,1,0,0,0,0,1,1,0,1,0,60
Damian Stewart,MLB,USC,at Arkansas,7177,0,3,0,0,1,0,0,0,1,0,1,0,0,0,0
Derrick Douglas,LOLB,USC,at Arkansas,7172,0,1,0,1,3,0,0,0,1,0,1,0,0,0,0
Keith Overstreet,CB,USC,at Arkansas,7145,0,1,0,0,0,0,0,0,0,0,1,0,0,0,0
Darryl Jones,DT,USC,at Arkansas,7208,0,0,0,0,1,0,0,0,0,0,1,0,0,0,0
Sam Cameron,ROLB,USC,at Arkansas,7190,0,0,0,0,1,0,0,0,0,0,1,0,0,0,0
Josh Wilson,LE,Arkansas,USC,448,0,0,0,0,2,0,1,0,2,0,1,0,0,0,0
Kelechi Poole,LOLB,Arkansas,USC,453,0,0,0,0,1,0,0,0,0,0,1,0,0,0,0
Matt Gray,FS,Arkansas,USC,441,0,0,0,0,1,0,0,0,0,0,1,0,0,0,0
Oliver Chandler,SS,Wyoming,Utah State,8095,28,0,0,0,4,0,0,0,2,1,1,0,0,0,28
Carlton Haston,DT,Wyoming,Utah State,8058,0,0,0,0,4,0,0,0,0,0,1,0,0,0,0
Greg Holloway,RE,Wyoming,Utah State,8086,0,0,0,0,4,0,1,0,3,0,1,0,0,0,0
Grant Kiel,FS,Wyoming,Utah State,8061,0,0,0,0,3,0,0,0,2,0,1,0,0,0,0
Dominic Franz,MLB,Wyoming,Utah State,8077,0,1,0,0,11,1,1,0,3,0,1,0,0,0,0
Lionel McQueen,LOLB,Wyoming,Utah State,8073,0,1,0,0,3,0,0,0,0,0,1,0,0,0,0
Joe Matthews,LOLB,Utah State,at Wyoming,7303,0,1,0,0,8,0,0,0,1,0,1,0,0,0,0
Calvin Johnson,MLB,Utah State,at Wyoming,7309,0,0,0,0,2,0,0,0,0,0,1,0,0,0,0
Tyler Cook,CB,Utah State,at Wyoming,7284,0,0,0,0,3,0,0,0,0,0,1,0,0,0,0
Jorge Smith,DT,Utah State,at Wyoming,7287,0,1,0,0,4,0,0,0,0,0,1,0,0,0,0
Dominique Gunn,RE,Utah State,at Wyoming,7314,0,0,0,0,4,0,0,0,0,0,1,0,0,0,0
Antoine Howell,FS,Utah State,at Wyoming,7293,0,1,0,0,3,0,0,0,0,0,1,0,0,0,0
Chad Maddox,CB,Utah State,at Wyoming,7282,8,0,0,0,1,0,0,0,0,1,1,0,0,0,8
Bill Johnson,CB,Wyoming,Utah State,8053,0,0,0,0,3,0,0,0,0,0,1,0,0,0,0
Tommy Fulmore,ROLB,Wyoming,Utah State,8090,0,1,0,0,5,0,0,0,0,0,1,0,0,0,0
Matt Dukes,LE,Utah State,at Wyoming,7299,0,0,0,0,2,0,0,0,0,0,1,0,0,0,0
Ed Avery,ROLB,Utah State,at Wyoming,7319,0,0,0,0,2,0,0,0,0,0,1,0,0,0,0
Preston Houston,CB,Utah State,at Wyoming,7283,0,1,0,0,3,0,0,0,0,0,1,0,0,0,0
Hassan Johnson,SS,Utah State,at Wyoming,7323,0,1,0,0,2,0,0,0,0,1,1,0,0,0,510
Frank Harrell,DT,Wyoming,Utah State,8057,0,0,0,0,1,0,0,0,0,0,1,0,0,0,0
Andrew Woods,CB,Wyoming,Utah State,8052,0,0,0,0,4,0,0,0,0,0,1,0,0,0,0
Jabari Davis,LE,Wyoming,Utah State,8069,0,0,0,0,5,0,0,0,0,0,1,0,0,0,0
Kevin Cribbs,DT,Utah State,at Wyoming,7288,0,0,0,0,1,0,0,0,0,0,1,0,0,0,0
J.B. Beard,SS,Wyoming,Utah State,8096,0,1,0,0,0,0,0,0,0,0,1,0,0,0,0
Kevin Murphy,SS,Utah State,at Wyoming,7324,0,0,0,0,1,0,0,0,0,0,1,0,0,0,0
Arnold Selmon,CB,USF,McNeese State,10084,0,0,0,0,2,0,0,0,0,0,1,0,0,0,0
Phillip Petty,RE,USF,McNeese State,10116,0,1,0,0,6,0,1,0,4,0,1,0,0,0,0
Carl Johnson,LOLB,USF,McNeese State,10105,0,2,0,0,7,1,1,0,4,1,1,0,0,0,511
Dan Mitchell,DT,USF,McNeese State,10092,0,0,0,0,1,0,0,0,0,0,1,0,0,0,0
Ryan Kerr,SS,USF,McNeese State,10125,0,1,0,0,2,0,0,0,0,0,1,0,0,0,0
Taurean McDonald,CB,USF,McNeese State,10085,0,1,0,0,5,1,0,0,0,0,1,1,0,0,0
Cedric Weatherford,ROLB,USF,McNeese State,10120,0,3,0,0,4,0,0,0,1,0,1,1,0,21,0
Kris Sanders,FS,USF,McNeese State,10094,0,0,0,0,3,0,1,0,2,0,1,0,0,0,0
Martin Bailey,DT,USF,McNeese State,10089,0,1,0,0,3,0,0,0,0,0,1,0,0,0,0
Kevin Smith,LE,USF,McNeese State,10101,0,0,0,0,2,0,0,0,0,0,1,0,0,0,0
Wade Graves,MLB,UNLV,Idaho State,7101,0,0,0,0,1,0,0,0,0,0,1,0,0,0,0
Antoine Lee,FS,UNLV,Idaho State,7084,0,0,0,0,4,0,0,0,0,0,1,0,0,0,0
Dennis Weaver,CB,UNLV,Idaho State,7073,0,1,0,0,3,0,0,0,0,0,1,0,0,0,0
Anthony Jackson,CB,UNLV,Idaho State,7075,0,1,0,0,2,0,0,0,0,0,1,0,0,0,0
Andrew Shaw,ROLB,UNLV,Idaho State,7116,20,0,0,0,4,0,0,0,0,1,1,0,1,0,20
Lee Tidwell,DT,UNLV,Idaho State,7079,0,0,0,0,9,0,3,0,6,0,1,0,0,0,0
Justin Smith,SS,UNLV,Idaho State,7120,0,1,0,0,1,0,0,0,0,0,1,0,0,0,0
Brandon Olson,LOLB,UNLV,Idaho State,7097,2,2,0,0,3,0,0,0,0,1,1,0,0,0,2
Reggie West,SS,UNLV,Idaho State,7121,0,0,0,0,2,0,0,0,0,0,1,0,0,0,0
George Hardy,DT,UNLV,Idaho State,7080,0,0,0,0,1,0,0,0,0,0,1,0,0,0,0
Shannon Brigham,RE,UNLV,Idaho State,7112,0,0,0,0,2,0,0,0,0,0,1,0,0,0,0
Oliver Johnson,LOLB,UNLV,Idaho State,7098,0,1,0,0,3,0,0,0,0,0,1,0,0,0,0
George Kennedy,ROLB,UNLV,Idaho State,7117,0,0,0,0,2,0,0,0,0,0,1,0,0,0,0
Russ Graves,CB,UNLV,Idaho State,7076,0,0,0,0,1,0,0,0,0,0,1,0,0,0,0
Henry Mason,MLB,Tennessee,Cal,6407,0,1,0,0,6,0,0,0,0,0,1,0,0,0,0
Courtney Carpenter,MLB,Tennessee,Cal,6405,0,0,0,0,1,0,0,0,0,0,1,0,0,0,0
Zach Russell,FS,Tennessee,Cal,6386,11,2,0,0,2,0,0,0,0,1,1,0,0,0,11
Gary Moss,CB,Cal,at Tennessee,1194,0,0,0,0,4,0,0,0,0,0,1,0,0,0,0
Tony Williams,DT,Cal,at Tennessee,1197,0,1,0,0,5,0,0,0,0,0,1,0,0,0,0
Michael Webb,ROLB,Cal,at Tennessee,1219,0,0,0,0,9,2,0,0,0,0,1,1,0,0,0
Justin Gray,RE,Cal,at Tennessee,1232,0,1,0,0,4,0,0,0,1,0,1,1,0,0,0
Sean Wilson,ROLB,Tennessee,Cal,6417,0,0,0,0,1,0,0,0,0,0,1,0,0,0,0
Marcus Newton,LOLB,Tennessee,Cal,6400,0,0,0,0,1,0,0,0,0,0,1,0,0,0,0
Dustin Pennington,MLB,Cal,at Tennessee,1223,0,0,0,0,4,0,0,0,1,0,1,0,0,0,0
Aaron Foster,LOLB,Cal,at Tennessee,1217,0,2,0,0,9,0,1,0,2,0,1,0,0,0,0
Jason Thompson,SS,Cal,at Tennessee,1241,0,1,0,0,1,0,0,0,0,0,1,0,0,0,0
Mike Reynolds,CB,Cal,at Tennessee,1193,0,1,0,0,1,0,0,0,0,0,1,0,0,0,0
Ben Jones,CB,Tennessee,Cal,6376,0,0,0,0,3,0,0,0,0,0,1,0,0,0,0
Jerome Greer,RE,Tennessee,Cal,6414,0,0,0,0,4,0,0,0,0,0,1,0,0,0,0
Jimmie Waters,DT,Tennessee,Cal,6383,0,0,0,0,7,0,1,0,2,0,1,1,0,23,0
Jon Hodge,DT,Tennessee,Cal,6377,0,2,0,0,7,0,2,0,4,0,1,0,0,0,0
John Miller,LE,Tennessee,Cal,6397,0,1,0,0,5,0,1,0,2,0,1,0,0,0,0
Chris Peterson,CB,Tennessee,Cal,6374,0,0,0,0,3,0,0,0,0,0,1,0,0,0,0
Julian Curry,LOLB,Tennessee,Cal,6402,0,2,0,0,3,0,0,0,0,0,1,0,0,0,0
Jimmie Johnson,ROLB,Cal,at Tennessee,1236,0,0,0,0,1,0,0,0,0,0,1,0,0,0,0
Matt Hall,MLB,Cal,at Tennessee,1237,0,0,0,0,1,0,0,0,0,0,1,0,0,0,0
Shane Palmer,LE,Cal,at Tennessee,1231,0,0,0,0,2,1,1,0,2,0,1,0,0,0,0
Reggie Bell,LE,Cal,at Tennessee,1211,0,0,0,0,0,0,0,0,0,0,1,1,0,0,0
Will Moses,SS,Tennessee,Cal,6422,0,1,0,0,1,0,0,0,0,0,1,0,0,0,0
Kevin Mikulec,FS,Cal,at Tennessee,1204,0,1,0,0,1,0,0,0,0,0,1,0,0,0,0
Michael Smith,FS,Tennessee,Cal,6388,0,1,0,0,0,0,0,0,0,0,1,0,0,0,0
James Jackson,LE,Cal,at Tennessee,1212,0,0,0,0,2,0,0,0,0,0,1,0,0,0,0
Steve Pettway,DT,Cal,at Tennessee,1198,0,0,0,0,2,0,0,0,0,0,1,0,0,0,0
Curtis Smith,SS,Cal,at Tennessee,1206,0,1,0,0,0,0,0,0,0,0,1,0,0,0,0
Julian Porter,SS,Tennessee,Cal,6421,0,1,0,0,0,0,0,0,0,0,1,0,0,0,0
T.J. Daniels,ROLB,North Carolina,Rutgers,4386,0,0,0,0,5,0,1,0,2,0,1,0,0,0,0
Darrell Bostic,CB,North Carolina,Rutgers,4344,0,2,0,0,4,0,0,0,0,0,1,0,0,0,0
Sterling Minor,MLB,North Carolina,Rutgers,4376,0,0,0,0,1,0,0,0,0,0,1,0,0,0,0
Damian Miranda,FS,Rutgers,at North Carolina,5614,0,0,0,0,4,0,0,0,0,1,1,0,0,0,0
Travis Nelson,CB,Rutgers,at North Carolina,5605,18,0,0,0,4,0,0,0,0,1,1,0,0,0,18
Mike Cooley,DT,North Carolina,Rutgers,4349,0,0,0,0,3,1,0,0,0,0,1,0,0,0,0
Justin Turner,DT,North Carolina,Rutgers,4350,0,1,0,0,5,0,1,0,2,0,1,0,0,0,0
Terrence Kendrick,LE,North Carolina,Rutgers,4365,0,0,0,0,1,0,0,0,0,0,1,0,0,0,0
Luke Davis,MLB,Rutgers,at North Carolina,5629,0,2,0,0,9,0,0,0,1,0,1,0,0,0,0
Lonnie Brewer,LOLB,Rutgers,at North Carolina,5625,0,2,0,0,5,0,0,0,1,0,1,0,0,0,0
John Wood,DT,Rutgers,at North Carolina,5611,0,1,0,0,4,0,2,0,4,0,1,1,0,2,0
Ed Taylor,DT,North Carolina,Rutgers,4348,0,1,0,0,6,0,1,0,3,0,1,0,0,0,0
Tyler Allen,LE,North Carolina,Rutgers,4364,0,0,0,0,2,0,0,0,0,0,1,0,0,0,0
Justin Patterson,RE,Rutgers,at North Carolina,5635,0,1,0,0,3,0,0,0,0,0,1,0,0,0,0
Jeff Harper,LE,Rutgers,at North Carolina,5621,0,0,0,0,5,0,1,0,2,0,1,0,0,0,0
James House,SS,Rutgers,at North Carolina,5643,0,1,0,0,2,0,0,0,0,0,1,0,0,0,0
Nick Graves,ROLB,Rutgers,at North Carolina,5639,0,1,0,0,4,0,1,0,2,0,1,0,0,0,0
Tim Burnsides,CB,North Carolina,Rutgers,4345,0,1,0,0,2,0,0,0,0,0,1,0,0,0,0
Tim Russell,CB,Rutgers,at North Carolina,5603,0,0,0,0,5,0,0,0,0,0,1,0,0,0,0
Ronnie Capers,FS,North Carolina,Rutgers,4357,9,0,0,0,1,0,0,0,0,2,1,0,0,0,9
Dennis Britton,LOLB,North Carolina,Rutgers,4369,0,1,0,0,8,1,2,0,4,0,1,0,0,0,0
Stephen Harrison,SS,North Carolina,Rutgers,4390,0,0,0,0,1,0,0,0,0,0,1,0,0,0,0
Eric Blake,LOLB,Rutgers,at North Carolina,5626,0,1,0,0,0,0,0,0,0,0,1,0,0,0,0
Dan Austin,CB,North Carolina,Rutgers,4343,0,0,0,0,3,0,0,0,0,0,1,0,0,0,0
Billy Rio,RE,North Carolina,Rutgers,4382,0,0,0,0,3,0,1,0,2,0,1,0,0,0,0
Robert Babineaux,LOLB,North Carolina,Rutgers,4370,0,0,0,0,3,0,1,0,2,0,1,0,0,0,0
Neil Johnson,SS,Rutgers,at North Carolina,5644,0,1,0,0,0,0,0,0,0,0,1,0,0,0,0
Richard Jones,MLB,North Carolina,Rutgers,4374,0,0,0,0,4,0,1,0,2,0,1,0,0,0,0
Brandon Gonzales,SS,North Carolina,Rutgers,4389,0,0,0,0,1,0,0,0,0,0,1,0,0,0,0
Steve Moore,DT,Rutgers,at North Carolina,5610,0,0,0,0,1,0,0,0,0,0,1,0,0,0,0
Derek Benko,FS,Rutgers,at North Carolina,5615,0,0,0,0,1,0,0,0,0,0,1,0,0,0,0
Billy Kennedy,CB,Rutgers,at North Carolina,5604,0,0,0,0,1,0,0,0,0,0,1,0,0,0,0
Jermaine Smith,FS,North Carolina,Rutgers,4356,0,0,0,0,1,0,0,0,0,0,1,0,0,0,0
Erik Wright,CB,Louisiana Tech,at Nebraska,3013,0,0,0,0,4,0,0,0,0,0,1,1,0,0,0
Jasper McCarty,MLB,Louisiana Tech,at Nebraska,3037,0,0,0,0,8,0,0,0,0,0,1,0,0,0,0
Ira Ryan,LOLB,Louisiana Tech,at Nebraska,3032,0,1,0,0,6,0,0,0,0,0,1,0,0,0,0
John Hall,FS,Louisiana Tech,at Nebraska,3022,0,0,0,0,2,0,0,0,1,0,1,0,0,0,0
Calvin Hancock,CB,Nebraska,Louisiana Tech,4063,0,1,0,0,4,0,1,0,2,1,1,0,0,0,0
Charles Bush,ROLB,Louisiana Tech,at Nebraska,3051,0,1,0,0,3,0,0,0,0,0,1,0,0,0,0
John Toth,SS,Louisiana Tech,at Nebraska,3056,0,1,0,0,4,0,0,1,0,0,1,0,0,0,0
Danny Washington,MLB,Louisiana Tech,at Nebraska,3036,0,0,0,0,9,0,0,0,0,0,1,0,0,0,0
Slade McCarty,SS,Nebraska,Louisiana Tech,4109,0,0,0,0,5,0,1,0,2,0,1,0,0,0,0
Kevin Butler,MLB,Nebraska,Louisiana Tech,4094,0,2,0,0,2,0,0,0,0,0,1,0,0,0,0
Shannon Hicks,RE,Louisiana Tech,at Nebraska,3045,0,0,0,0,4,1,0,0,0,0,1,1,0,1,0
D.D. Hayden,RE,Louisiana Tech,at Nebraska,3046,0,0,0,0,2,1,1,0,2,0,1,0,0,0,0
Jonathan Byers,LE,Nebraska,Louisiana Tech,4085,0,0,0,0,1,0,0,0,0,0,1,0,0,0,0
Mike Seymour,DT,Nebraska,Louisiana Tech,4071,0,0,0,0,1,0,0,0,0,0,1,0,0,0,0
Josh Sykes,LE,Louisiana Tech,at Nebraska,3027,0,0,0,0,3,0,0,0,0,0,1,0,0,0,0
Ryan Avery,FS,Louisiana Tech,at Nebraska,3021,0,1,0,0,5,0,0,0,1,0,1,0,0,0,0
Randy Patrick,CB,Louisiana Tech,at Nebraska,3012,0,0,0,0,2,0,0,0,0,0,1,0,0,0,0
Vincent Gould,FS,Nebraska,Louisiana Tech,4075,0,0,0,0,1,0,0,0,0,0,1,0,0,0,0
Gemara Bolen,SS,Louisiana Tech,at Nebraska,3057,0,0,0,0,3,1,0,0,0,0,1,0,0,0,0
Rob Daniels,LOLB,Nebraska,Louisiana Tech,4090,0,0,0,0,2,0,0,0,0,0,1,0,0,0,0
Steve Gorman,RE,Nebraska,Louisiana Tech,4100,0,0,0,0,2,0,1,0,2,0,1,0,0,0,0
Lee Washington,ROLB,Nebraska,Louisiana Tech,4106,0,0,0,0,1,0,0,0,0,0,1,0,0,0,0
Paul Rivers,MLB,Nebraska,Louisiana Tech,4093,0,2,0,0,1,1,0,0,0,0,1,0,0,0,0
Rashad McAfee,LE,Nebraska,Louisiana Tech,4083,0,0,0,0,2,0,1,0,2,0,1,0,0,0,0
Michael Diggs,ROLB,Nebraska,Louisiana Tech,4105,0,0,0,0,3,0,0,0,0,0,1,0,0,0,0
Cory George,LOLB,Nebraska,Louisiana Tech,4089,0,0,0,0,1,0,0,0,1,0,1,0,0,0,0
Marvin McDaniel,SS,Nebraska,Louisiana Tech,4110,0,4,0,0,0,0,0,0,0,0,1,0,0,0,0
Nick Ford,RE,Nebraska,Louisiana Tech,4102,0,0,0,0,1,0,0,0,0,0,1,0,0,0,0
Joseph Carter,DT,Louisiana Tech,at Nebraska,3016,0,0,0,0,1,0,0,0,0,0,1,0,0,0,0
Michael Weatherford,CB,Nebraska,Louisiana Tech,4065,0,0,0,0,1,0,0,0,0,0,1,0,0,0,0
Jeff Moore,DT,Nebraska,Louisiana Tech,4069,0,0,0,0,2,0,0,0,0,0,1,0,0,0,0
Andy Bailey,MLB,Louisiana Tech,at Nebraska,3038,0,0,0,0,1,0,0,0,0,0,1,0,0,0,0
Kyle Henry,ROLB,Louisiana Tech,at Nebraska,3052,0,0,0,0,1,0,0,0,0,0,1,0,0,0,0
Michael Bush,DT,Louisiana Tech,at Nebraska,3018,0,0,0,0,1,0,0,0,0,0,1,0,0,0,0
Will White,CB,NC State,Appalachian State,4414,6,2,0,0,2,0,0,0,0,2,1,0,0,0,9
Fred Charles,CB,NC State,Appalachian State,4412,0,0,0,0,3,1,0,0,0,1,1,0,0,0,510
James Ellis,SS,NC State,Appalachian State,4456,0,1,0,0,6,0,1,0,2,0,1,0,0,0,0
Todd Rutledge,RE,NC State,Appalachian State,4447,0,2,0,0,2,0,0,0,0,0,1,0,0,0,0
Kevin Bentley,LE,NC State,Appalachian State,4430,0,0,0,0,3,0,0,0,0,0,1,0,0,0,0
Matt Carey,DT,NC State,Appalachian State,4420,0,0,0,0,6,0,1,0,2,0,1,0,0,0,0
Drew King,FS,NC State,Appalachian State,4424,0,2,0,0,2,0,0,0,0,0,1,0,0,0,0
Joseph Miller,CB,NC State,Appalachian State,4413,0,0,0,0,1,0,0,0,0,1,1,0,0,0,511
Dwayne Jones,DT,NC State,Appalachian State,4418,0,0,0,0,5,0,1,0,2,0,1,0,0,0,0
Kevin Johnson,DT,NC State,Appalachian State,4417,0,0,0,0,1,0,0,0,0,0,1,0,0,0,0
Phil King,LOLB,NC State,Appalachian State,4435,43,1,0,0,4,0,0,0,0,1,1,0,0,0,43
Rashaud Coley,MLB,NC State,Appalachian State,4439,0,0,0,0,2,0,0,0,0,0,1,0,0,0,0
Bryan Alford,ROLB,NC State,Appalachian State,4451,0,1,0,0,3,0,0,0,1,0,1,0,0,0,0
Clint Thorne,DT,UL Lafayette,at LSU,6027,0,0,0,0,7,0,0,0,1,0,1,0,0,0,0
Cameron Parker,MLB,UL Lafayette,at LSU,6049,0,0,0,0,1,0,0,0,0,0,1,0,0,0,0
Andrew Cooke,SS,UL Lafayette,at LSU,6064,8,0,0,0,1,0,0,0,0,1,1,0,0,0,8
Anthony Cook,SS,UL Lafayette,at LSU,6065,0,0,0,0,3,0,0,1,0,0,1,0,0,0,0
Tim Muse,LE,UL Lafayette,at LSU,6041,0,0,0,0,5,0,1,0,2,0,1,0,0,0,0
Jabari Dennis,LOLB,LSU,UL Lafayette,3179,0,0,0,0,3,0,0,1,0,0,1,0,0,0,0
Matthew Powell,FS,LSU,UL Lafayette,3164,0,2,0,0,2,0,0,0,0,0,1,0,0,0,0
Adam Parham,DT,LSU,UL Lafayette,3159,18,1,0,0,2,0,0,0,0,1,1,0,0,0,18
Shane Ward,ROLB,UL Lafayette,at LSU,6060,0,1,0,0,5,0,0,0,0,0,1,0,0,0,0
Brad Chambers,CB,UL Lafayette,at LSU,6026,0,0,0,0,4,0,0,0,0,0,1,0,0,0,0
Mike Williams,LOLB,UL Lafayette,at LSU,6044,0,2,0,0,5,0,1,0,2,0,1,0,0,0,0
Charles Culberson,CB,UL Lafayette,at LSU,6022,67,1,0,0,1,0,0,0,0,1,1,0,1,0,67
Brian Newton,CB,LSU,UL Lafayette,3156,0,0,0,0,3,0,0,0,0,0,1,0,0,0,0
George Carey,MLB,LSU,UL Lafayette,3184,0,2,0,0,1,0,0,0,0,0,1,0,0,0,0
Justin McKinley,MLB,UL Lafayette,at LSU,6048,0,0,0,0,3,0,0,0,0,0,1,0,0,0,0
Greg Peterson,RE,LSU,UL Lafayette,3189,0,0,0,0,3,0,0,0,0,0,1,0,0,0,0
Nick Wade,ROLB,LSU,UL Lafayette,3194,0,0,0,0,3,0,1,0,2,0,1,0,0,0,0
Brian Roberts,RE,UL Lafayette,at LSU,6055,0,1,0,0,4,0,0,0,0,0,1,0,0,0,0
Spencer Triplett,LOLB,UL Lafayette,at LSU,6045,0,0,0,0,3,0,1,0,2,0,1,0,0,0,0
Tim Dixon,LE,LSU,UL Lafayette,3173,0,0,0,0,4,0,0,0,1,0,1,0,0,0,0
Mark Miller,DT,UL Lafayette,at LSU,6029,0,0,0,0,4,0,1,0,2,0,1,0,0,0,0
Lamont Jamison,SS,LSU,UL Lafayette,3200,0,0,0,0,4,0,0,0,0,0,1,0,0,0,0
Gemara Cavka,RE,LSU,UL Lafayette,3190,0,0,0,0,3,0,0,0,1,0,1,0,0,0,0
Kevin Williams,FS,LSU,UL Lafayette,3165,0,2,0,0,0,0,0,0,0,0,1,0,0,0,0
Scott Boyd,ROLB,UL Lafayette,at LSU,6061,0,0,0,0,2,0,0,0,0,0,1,0,0,0,0
David Lewis,CB,UL Lafayette,at LSU,6025,0,0,0,0,3,0,0,0,0,0,1,0,0,0,0
Fred Talley,ROLB,LSU,UL Lafayette,3195,0,1,0,0,3,0,0,0,3,0,1,0,0,0,0
Joe Howell,FS,UL Lafayette,at LSU,6033,0,1,0,0,2,0,0,0,0,0,1,0,0,0,0
Shawn Johnson,CB,LSU,UL Lafayette,3155,33,0,0,0,0,0,0,0,0,1,1,0,1,0,33
Adam Lester,CB,LSU,UL Lafayette,3157,0,1,0,0,1,0,0,0,0,0,1,0,0,0,0
Will Coleman,LOLB,LSU,UL Lafayette,3178,0,1,0,0,0,0,0,0,0,0,1,0,0,0,0
Joseph Stevenson,SS,LSU,UL Lafayette,3201,0,0,0,0,1,0,0,0,0,0,1,0,0,0,0
Kirk Green,SS,Georgia Tech,Notre Dame,2223,0,0,0,0,2,0,0,0,0,0,1,0,0,0,0
Chris Landry,DT,Georgia Tech,Notre Dame,2178,0,0,0,0,3,0,0,0,0,0,1,0,0,0,0
Marcus Fluellen,LOLB,Georgia Tech,Notre Dame,2202,0,2,0,0,6,0,0,0,0,0,1,0,0,0,0
Vincent Carey,LOLB,Notre Dame,at Georgia Tech,4786,2,1,0,0,8,0,2,0,4,1,1,0,0,0,2
Aaron Jones,DT,Notre Dame,at Georgia Tech,4769,0,1,0,0,4,0,0,0,0,0,1,0,0,0,0
Jonathan Carlton,ROLB,Notre Dame,at Georgia Tech,4807,0,0,0,0,2,0,1,0,2,0,1,0,0,0,0
Johnnie Wood,SS,Notre Dame,at Georgia Tech,4810,0,0,0,0,7,1,0,0,0,0,1,0,0,0,0
Dan Wright,CB,Georgia Tech,Notre Dame,2175,0,0,0,0,4,0,0,0,0,0,1,0,0,0,0
Alex Carpenter,FS,Notre Dame,at Georgia Tech,4774,0,2,0,0,3,0,0,0,1,0,1,0,0,0,0
Josh Wilson,LE,Notre Dame,at Georgia Tech,4782,0,1,0,0,3,0,0,0,0,0,1,0,0,0,0
Terrell Lewis,CB,Notre Dame,at Georgia Tech,4763,0,0,0,0,2,0,0,0,0,0,1,0,0,0,0
Mike Motte,MLB,Notre Dame,at Georgia Tech,4794,0,0,0,0,0,0,0,0,0,0,1,1,0,0,0
Eric Washington,ROLB,Georgia Tech,Notre Dame,2220,0,0,0,0,1,0,0,0,0,0,1,0,0,0,0
Jeff Manson,LE,Georgia Tech,Notre Dame,2196,0,1,0,0,7,0,1,0,4,0,1,0,0,0,0
Jerry Snyder,FS,Georgia Tech,Notre Dame,2188,0,0,0,0,2,0,0,0,0,0,1,0,0,0,0
Kevin Tetzel,RE,Georgia Tech,Notre Dame,2214,0,0,0,0,1,0,0,0,0,0,1,0,0,0,0
Phil Horne,ROLB,Georgia Tech,Notre Dame,2218,0,0,0,0,6,0,0,0,1,0,1,0,0,0,0
Travis Swan,DT,Notre Dame,at Georgia Tech,4768,0,0,0,0,2,0,0,0,1,0,1,0,0,0,0
Jason McAfee,ROLB,Notre Dame,at Georgia Tech,4806,0,3,0,0,6,0,2,0,4,0,1,1,0,12,0
Eric Walker,LE,Georgia Tech,Notre Dame,2195,0,0,0,0,2,0,1,0,2,0,1,0,0,0,0
Ken McCullar,DT,Georgia Tech,Notre Dame,2180,0,0,0,0,7,0,1,0,2,0,1,0,0,0,0
Edmond Sullivan,RE,Notre Dame,at Georgia Tech,4801,0,0,0,0,2,0,0,0,0,0,1,0,0,0,0
Nathan Wiggins,RE,Notre Dame,at Georgia Tech,4802,0,0,0,0,3,0,0,0,0,0,1,0,0,0,0
Michael White,CB,Georgia Tech,Notre Dame,2173,0,0,0,0,3,0,0,0,1,0,1,0,0,0,0
Geoff Rodriguez,CB,Georgia Tech,Notre Dame,2176,0,0,0,0,2,0,0,0,0,0,1,0,0,0,0
Anthony Johnson,CB,Notre Dame,at Georgia Tech,4766,0,0,0,0,2,0,0,0,1,0,1,0,0,0,0
Adam Smith,SS,Georgia Tech,Notre Dame,2224,0,0,0,0,1,0,0,0,0,0,1,0,0,0,0
Patrick Sledge,DT,Georgia Tech,Notre Dame,2179,0,0,0,0,3,0,0,0,0,0,1,0,0,0,0
Jason Johnson,MLB,Georgia Tech,Notre Dame,2206,0,0,0,0,1,0,0,0,0,0,1,0,0,0,0
Jay Alvarez,DT,Notre Dame,at Georgia Tech,4770,0,0,0,0,1,0,0,0,0,0,1,0,0,0,0
Chris Burnsides,CB,Notre Dame,at Georgia Tech,4765,0,0,0,0,2,0,0,0,0,0,1,0,0,0,0
Ryan Jordan,CB,Georgia Tech,Notre Dame,2177,0,0,0,0,1,0,0,0,0,0,1,0,0,0,0
John Felder,LE,Notre Dame,at Georgia Tech,4783,0,0,0,0,2,0,0,0,0,0,1,0,0,0,0
Jonathan Clark,MLB,Notre Dame,at Georgia Tech,4793,0,0,0,0,1,0,0,0,0,0,1,0,0,0,0
Kyle Robinson,CB,Georgia,Western Kentucky,2104,0,0,0,0,1,0,0,0,0,0,1,0,0,0,0
John Ashley,RE,Georgia,Western Kentucky,2143,0,0,0,0,2,0,0,0,0,0,1,0,0,0,0
Thomas Matthews,MLB,Georgia,Western Kentucky,2133,0,1,0,0,5,0,0,0,1,0,1,0,0,0,0
Brandon Anderson,CB,Georgia,Western Kentucky,2106,0,0,0,0,1,0,0,0,0,0,1,0,0,0,0
Patrick Porter,SS,Georgia,Western Kentucky,2153,0,0,0,0,2,0,0,0,0,0,1,0,0,0,0
Chris Myers,DT,Georgia,Western Kentucky,2109,0,1,0,0,2,0,0,0,1,0,1,0,0,0,0
Sam Lee,LOLB,Georgia,Western Kentucky,2129,7,1,0,0,4,0,1,0,3,1,1,0,0,0,7
Titus Stuckey,MLB,Georgia,Western Kentucky,2134,0,1,0,0,3,0,0,0,1,0,1,0,0,0,0
Andrew Dixon,DT,Georgia,Western Kentucky,2111,0,0,0,0,3,0,1,0,2,0,1,0,0,0,0
Jamaal McNeal,ROLB,Georgia,Western Kentucky,2148,0,1,0,0,4,0,0,0,1,0,1,0,0,0,0
Chris Robinson,DT,Georgia,Western Kentucky,2108,0,0,0,0,2,0,0,0,0,0,1,0,0,0,0
James Freeman,LE,Georgia,Western Kentucky,2125,0,1,0,0,2,0,0,0,1,0,1,0,0,0,0
Charlie Torrey,FS,Georgia,Western Kentucky,2116,0,3,0,0,0,0,0,0,0,0,1,0,0,0,0
Ryan Lundy,ROLB,Georgia,Western Kentucky,2147,0,0,0,0,3,0,0,0,0,0,1,0,0,0,0
Matt Williams,RE,Georgia,Western Kentucky,2141,0,2,0,0,1,0,0,0,0,0,1,0,0,0,0
Brandon Hall,SS,Georgia,Western Kentucky,2152,0,0,0,0,1,0,0,0,0,0,1,0,0,0,0
Patrick Felder,CB,Georgia,Western Kentucky,2105,0,1,0,0,0,0,0,0,0,0,1,0,0,0,0
Jamal Price,LOLB,Georgia,Western Kentucky,2130,0,0,0,0,1,0,0,0,0,0,1,0,0,0,0
Stephon Hale,DT,Cincinnati,Eastern Kentucky,1411,0,0,0,0,1,0,0,0,0,0,1,0,0,0,0
Tyler Parker,SS,Cincinnati,Eastern Kentucky,1448,0,0,0,0,2,0,0,0,0,0,1,0,0,0,0
Nicholas Taylor,CB,Cincinnati,Eastern Kentucky,1403,0,0,0,0,3,0,0,0,0,0,1,0,0,0,0
Jesse Anderson,LOLB,Cincinnati,Eastern Kentucky,1428,0,3,0,0,6,1,0,0,0,0,1,0,0,0,0
C.J. Davis,LE,Cincinnati,Eastern Kentucky,1422,0,0,0,0,7,0,1,0,2,0,1,1,0,0,0
Patrick Phillips,ROLB,Cincinnati,Eastern Kentucky,1443,8,0,0,0,6,0,0,0,0,1,1,0,0,0,8
Brad Evans,DT,Cincinnati,Eastern Kentucky,1407,0,0,0,0,1,0,0,0,0,0,1,0,0,0,0
Greg Harrison,MLB,Cincinnati,Eastern Kentucky,1432,0,0,0,0,6,0,0,0,1,0,1,0,0,0,0
Rashaun Walton,LE,Cincinnati,Eastern Kentucky,1423,0,0,0,0,1,0,0,0,0,0,1,0,0,0,0
Terry Greer,FS,Cincinnati,Eastern Kentucky,1415,0,1,0,0,2,0,0,0,0,0,1,0,0,0,0
Mike Faulk,CB,Cincinnati,Eastern Kentucky,1404,0,0,0,0,3,0,0,0,0,0,1,0,0,0,0
Kyle Frederick,LOLB,Cincinnati,Eastern Kentucky,1427,0,0,0,0,1,0,0,0,0,0,1,0,0,0,0
Willie Sutton,CB,Cincinnati,Eastern Kentucky,1402,0,1,0,0,1,0,0,0,0,0,1,0,0,0,0
Chris Clay,SS,Cincinnati,Eastern Kentucky,1449,0,1,0,0,0,0,0,0,0,0,1,0,0,0,0
Joel Turner,CB,Hawaii,at Alabama,2242,0,1,0,0,1,0,0,0,0,0,1,0,0,0,0
Chris Thurman,DT,Alabama,Hawaii,218,0,0,0,1,6,0,2,0,3,0,1,0,0,0,0
Kevin Foster,LOLB,Alabama,Hawaii,241,0,1,0,0,3,0,0,0,0,0,1,0,0,0,0
George Allen,CB,Alabama,Hawaii,214,0,0,0,0,2,0,0,0,0,0,1,0,0,0,0
Derrick Downing,SS,Hawaii,at Alabama,2290,0,1,0,0,9,0,0,0,0,0,1,0,0,0,0
Thomas Williams,DT,Hawaii,at Alabama,2246,0,0,0,0,4,0,0,0,0,0,1,0,0,0,0
Cedric Harris,LE,Hawaii,at Alabama,2259,0,0,0,0,9,0,0,0,0,0,1,0,0,0,0
Will Thomas,DT,Alabama,Hawaii,219,0,1,0,0,4,0,1,0,2,0,1,0,0,0,0
Keith Smith,ROLB,Hawaii,at Alabama,2283,0,0,0,0,7,0,1,0,2,0,1,0,0,0,0
Steve Henshaw,LOLB,Hawaii,at Alabama,2264,0,0,0,0,4,0,0,0,0,0,1,0,0,0,0
John Simmons,CB,Hawaii,at Alabama,2243,0,0,0,0,2,0,0,0,0,1,1,0,0,0,0
Joseph Huffman,RE,Hawaii,at Alabama,2279,0,0,0,0,2,0,0,0,0,0,1,0,0,0,0
Tyrone Williams,MLB,Alabama,Hawaii,246,0,0,0,0,3,0,0,0,0,0,1,0,0,0,0
James Turner,RE,Alabama,Hawaii,255,0,1,0,0,4,0,0,0,0,0,1,0,0,0,0
Andrew Schifano,MLB,Hawaii,at Alabama,2269,0,0,0,0,6,0,0,0,0,0,1,0,0,0,0
Rashad Kucera,ROLB,Alabama,Hawaii,260,0,1,0,0,4,0,1,0,3,0,1,0,0,0,0
Anthony Williams,SS,Alabama,Hawaii,265,0,1,0,0,1,0,0,0,0,0,1,0,0,0,0
Billy Williams,FS,Hawaii,at Alabama,2251,0,1,0,0,3,0,0,0,0,0,1,0,0,0,0
A.J. Smith,LE,Alabama,Hawaii,235,0,0,0,0,1,0,0,0,0,0,1,0,0,0,0
Matt Stukes,CB,Hawaii,at Alabama,2244,0,0,0,0,1,0,0,0,0,0,1,0,0,0,0
DeShawn Jenkins,DT,Hawaii,at Alabama,2249,0,1,0,0,1,0,0,0,0,0,1,0,0,0,0
Brian Capers,MLB,Hawaii,at Alabama,2270,0,1,0,0,1,0,0,0,0,0,1,0,0,0,0
Greg Butler,LE,Hawaii,at Alabama,2261,0,0,0,0,2,0,1,0,2,0,1,0,0,0,0
Casey Peoples,SS,Alabama,Hawaii,266,0,0,0,0,2,0,0,0,0,0,1,0,0,0,0
James Richardson,SS,Hawaii,at Alabama,2289,0,0,0,0,1,0,0,0,0,0,1,0,0,0,0
Jeremy Watkins,FS,Alabama,Hawaii,227,0,1,0,0,1,0,0,0,0,0,1,0,0,0,0
Marcus Mason,FS,Alabama,Hawaii,228,0,0,0,0,2,0,0,0,0,0,1,0,0,0,0
Randy Malloy,CB,Alabama,Hawaii,212,0,1,0,0,0,0,0,0,0,0,1,0,0,0,0
Jeremy Williams,ROLB,Hawaii,at Alabama,2284,0,0,0,0,1,0,0,0,1,0,1,0,0,0,0
Travis Dunn,LE,BYU,at Arizona,1141,0,1,0,0,4,1,1,0,2,0,1,0,0,0,0
Marcus Cameron,LOLB,BYU,at Arizona,1147,0,1,0,0,0,0,0,0,0,0,1,0,0,0,0
Aaron Shaw,MLB,Arizona,BYU,315,0,2,0,0,9,1,0,0,1,0,1,0,0,0,0
Kareem Vincent,MLB,Arizona,BYU,314,3,0,0,0,1,0,0,0,0,1,1,0,0,0,3
Matt Barrett,LE,Arizona,BYU,305,0,0,0,0,5,0,1,0,2,0,1,0,0,0,0
Dane Brooks,LOLB,Arizona,BYU,309,0,0,0,0,2,0,0,0,0,0,1,0,0,0,0
Mike Walker,SS,BYU,at Arizona,1170,0,1,0,0,4,0,0,0,0,0,1,0,0,0,0
Lucas Sledge,RE,BYU,at Arizona,1160,0,0,0,0,1,0,0,0,0,0,1,0,0,0,0
Kevin Cox,DT,Arizona,BYU,292,0,0,0,0,1,0,0,0,0,0,1,0,0,0,0
Korey Jackson,SS,Arizona,BYU,334,0,1,0,0,5,0,0,0,0,0,1,0,0,0,0
Aaron White,CB,BYU,at Arizona,1127,0,0,0,0,1,0,0,0,0,0,1,0,0,0,0
Eric Haynes,ROLB,BYU,at Arizona,1165,0,0,0,0,3,0,0,0,1,0,1,0,0,0,0
Kelvin Lumpkin,MLB,BYU,at Arizona,1150,0,0,0,0,11,0,1,0,2,0,1,0,0,0,0
Mark Simmons,CB,Arizona,BYU,284,0,0,0,0,6,0,0,0,0,0,1,0,0,0,0
Wyatt Ball,SS,Arizona,BYU,335,0,1,0,0,2,0,0,0,0,0,1,0,0,0,0
Kory Fenner,RE,Arizona,BYU,323,0,1,0,0,5,0,1,0,3,0,1,0,0,0,0
Ryan Wright,LOLB,Arizona,BYU,310,0,2,0,0,3,0,0,0,0,0,1,0,0,0,0
Leon Williamson,LOLB,BYU,at Arizona,1146,0,1,0,0,3,0,0,0,0,0,1,0,0,0,0
Mike Cook,MLB,BYU,at Arizona,1152,0,0,0,0,1,0,0,0,0,0,1,0,0,0,0
Marcus Johnson,DT,BYU,at Arizona,1131,0,0,0,0,2,0,0,0,1,0,1,0,0,0,0
Andy Carroll,CB,Arizona,BYU,285,0,1,0,0,1,0,0,0,0,0,1,0,0,0,0
Adam Smith,FS,BYU,at Arizona,1133,0,1,0,0,1,0,0,0,0,0,1,1,0,5,0
E.J. Chavis,ROLB,Arizona,BYU,331,0,0,0,0,3,0,0,0,0,0,1,0,0,0,0
Mike Mitchell,FS,BYU,at Arizona,1134,0,0,0,0,1,0,0,0,0,0,1,0,0,0,0
Brett Cannon,DT,Arizona,BYU,290,0,0,0,0,1,0,0,0,0,0,1,0,0,0,0
Joel Hall,RE,BYU,at Arizona,1159,0,1,0,0,3,0,0,0,0,0,1,0,0,0,0
Paul Thompson,CB,Arizona,BYU,286,0,0,0,0,1,0,0,0,0,0,1,0,0,0,0
Robert Dowdell,SS,BYU,at Arizona,1169,0,0,0,0,2,0,0,0,0,0,1,0,0,0,0
Tyler Nelson,CB,BYU,at Arizona,1124,0,1,0,0,2,0,0,0,0,0,1,0,0,0,0
Joel Poppinga,FS,Arizona,BYU,297,0,0,0,0,1,0,0,0,0,0,1,0,0,0,0
Pedro Burks,DT,BYU,at Arizona,1128,0,0,0,0,1,0,0,0,0,0,1,0,0,0,0
